country,year,pop,continent,lifeExp,gdpPercap,population
China,2007,1318683096,Asia,73,4959.114854,1318.68
China,2002,1280400000,Asia,72,3119.280896,1280.40
China,1997,1230075000,Asia,70,2289.234136,1230.08
China,1992,1164970000,Asia,69,1655.784158,1164.97
India,2007,1110396331,Asia,65,2452.210407,1110.40
China,1987,1084035000,Asia,67,1378.904018,1084.04
India,2002,1034172547,Asia,63,1746.769454,1034.17
China,1982,1000281000,Asia,66,962.4213805,1000.28
India,1997,9.59E+08,Asia,62,1458.817442,959.00
China,1977,943455000,Asia,64,741.2374699,943.46
India,1992,8.72E+08,Asia,60,1164.406809,872.00
China,1972,862030000,Asia,63,676.9000921,862.03
India,1987,7.88E+08,Asia,59,976.5126756,788.00
China,1967,754550000,Asia,58,612.7056934,754.55
India,1982,7.08E+08,Asia,57,855.7235377,708.00
China,1962,665770000,Asia,45,487.6740183,665.77
China,1957,637408000,Asia,51,575.9870009,637.41
India,1977,6.34E+08,Asia,54,813.337323,634.00
India,1972,5.67E+08,Asia,51,724.032527,567.00
China,1952,556263528,Asia,44,400.4486107,556.26
India,1967,5.06E+08,Asia,47,700.7706107,506.00
India,1962,4.54E+08,Asia,44,658.3471509,454.00
India,1957,4.09E+08,Asia,40,590.061996,409.00
India,1952,3.72E+08,Asia,37,546.5657493,372.00
United States,2007,301139947,Americas,78,42951.65309,301.14
United States,2002,287675526,Americas,77,39097.09955,287.68
United States,1997,272911760,Americas,77,35767.43303,272.91
United States,1992,256894189,Americas,76,32003.93224,256.89
United States,1987,242803533,Americas,75,29884.35041,242.80
United States,1982,232187835,Americas,75,25009.55914,232.19
Indonesia,2007,223547000,Asia,71,3540.651564,223.55
United States,1977,220239000,Americas,73,24072.63213,220.24
Indonesia,2002,211060000,Asia,69,2873.91287,211.06
United States,1972,209896000,Americas,71,21806.03594,209.90
Indonesia,1997,199278000,Asia,66,3119.335603,199.28
United States,1967,198712000,Americas,71,19530.36557,198.71
Brazil,2007,190010647,Americas,72,9065.800825,190.01
United States,1962,186538000,Americas,70,16173.14586,186.54
Indonesia,1992,184816000,Asia,63,2383.140898,184.82
Brazil,2002,179914212,Americas,71,8131.212843,179.91
United States,1957,171984000,Americas,69,14847.12712,171.98
Indonesia,1987,169276000,Asia,60,1748.356961,169.28
Pakistan,2007,169270617,Asia,65,2605.94758,169.27
Brazil,1997,168546719,Americas,69,7957.980824,168.55
United States,1952,157553000,Americas,68,13990.48208,157.55
Brazil,1992,155975974,Americas,67,6950.283021,155.98
Pakistan,2002,153403524,Asia,64,2092.712441,153.40
Indonesia,1982,153343000,Asia,56,1516.872988,153.34
Bangladesh,2007,150448339,Asia,64,1391.253792,150.45
Brazil,1987,142938076,Americas,65,7807.095818,142.94
Indonesia,1977,136725000,Asia,53,1382.702056,136.73
Bangladesh,2002,135656790,Asia,62,1136.39043,135.66
Pakistan,1997,135564834,Asia,62,2049.350521,135.56
Nigeria,2007,135031164,Africa,47,2013.977305,135.03
Brazil,1982,128962939,Americas,63,7030.835878,128.96
Japan,2007,127467972,Asia,83,31656.06806,127.47
Japan,2002,127065841,Asia,82,28604.5919,127.07
Japan,1997,125956499,Asia,81,28816.58499,125.96
Japan,1992,124329269,Asia,79,26824.89511,124.33
Bangladesh,1997,123315288,Asia,59,972.7700352,123.32
Japan,1987,122091325,Asia,79,22375.94189,122.09
Indonesia,1972,121282000,Asia,49,1111.107907,121.28
Pakistan,1992,120065004,Asia,61,1971.829464,120.07
Nigeria,2002,119901274,Africa,47,1615.286395,119.90
Japan,1982,118454974,Asia,77,19384.10571,118.45
Brazil,1977,114313951,Americas,61,6660.118654,114.31
Japan,1977,113872473,Asia,75,16610.37701,113.87
Bangladesh,1992,113704579,Asia,56,837.8101643,113.70
Indonesia,1967,109343000,Asia,46,762.4317721,109.34
Mexico,2007,108700891,Americas,76,11977.57496,108.70
Japan,1972,107188273,Asia,73,14778.78636,107.19
Nigeria,1997,106207839,Africa,47,1624.941275,106.21
Pakistan,1987,105186881,Asia,58,1704.686583,105.19
Bangladesh,1987,103764241,Asia,53,751.9794035,103.76
Mexico,2002,102479927,Americas,75,10742.44053,102.48
Brazil,1972,100840058,Americas,60,4985.711467,100.84
Japan,1967,100825279,Asia,71,9847.788607,100.83
Indonesia,1962,99028000,Asia,43,849.2897701,99.03
Mexico,1997,95895146,Americas,74,9767.29753,95.90
Japan,1962,95831757,Asia,69,6576.649461,95.83
Nigeria,1992,93364244,Africa,47,1619.848217,93.36
Bangladesh,1982,93074406,Asia,50,676.9818656,93.07
Japan,1957,91563009,Asia,66,4317.694365,91.56
Pakistan,1982,91462088,Asia,56,1443.429832,91.46
Philippines,2007,91077287,Asia,72,3190.481016,91.08
Indonesia,1957,90124000,Asia,40,858.9002707,90.12
Mexico,1992,88111030,Americas,71,9472.384295,88.11
Brazil,1967,88049823,Americas,58,3429.864357,88.05
Japan,1952,86459025,Asia,63,3216.956347,86.46
Vietnam,2007,85262356,Asia,74,2441.576404,85.26
Philippines,2002,82995088,Asia,70,2650.921068,83.00
Germany,2007,82400996,Europe,79,32170.37442,82.40
Germany,2002,82350671,Europe,79,30035.80198,82.35
Indonesia,1952,82052000,Asia,37,749.6816546,82.05
Germany,1997,82011073,Europe,77,27788.88416,82.01
Nigeria,1987,81551520,Africa,47,1385.029563,81.55
Vietnam,2002,80908147,Asia,73,1764.456677,80.91
Germany,1992,80597764,Europe,76,26505.30317,80.60
Bangladesh,1977,80428306,Asia,47,659.8772322,80.43
Egypt,2007,80264543,Africa,71,5581.180998,80.26
Mexico,1987,80122492,Americas,69,8688.156003,80.12
Germany,1972,78717088,Europe,71,18016.18027,78.72
Germany,1982,78335266,Europe,74,22031.53274,78.34
Germany,1977,78160773,Europe,73,20512.92123,78.16
Pakistan,1977,78152686,Asia,54,1175.921193,78.15
Germany,1987,77718298,Europe,75,24639.18566,77.72
Ethiopia,2007,76511887,Africa,53,690.8055759,76.51
Germany,1967,76368453,Europe,71,14745.62561,76.37
Vietnam,1997,76048996,Asia,71,1385.896769,76.05
Brazil,1962,76039390,Americas,56,3336.585802,76.04
Philippines,1997,75012988,Asia,69,2536.534925,75.01
Germany,1962,73739117,Europe,70,12902.46291,73.74
Egypt,2002,73312559,Africa,70,4754.604414,73.31
Nigeria,1982,73039376,Africa,46,1576.97375,73.04
Mexico,1982,71640904,Americas,67,9611.147541,71.64
Turkey,2007,71158647,Europe,72,8458.276384,71.16
Germany,1957,71019069,Europe,69,10187.82665,71.02
Bangladesh,1972,70759295,Asia,45,630.2336265,70.76
Vietnam,1992,69940728,Asia,68,989.0231487,69.94
Iran,2007,69453570,Asia,71,11605.71449,69.45
Pakistan,1972,69325921,Asia,52,1049.938981,69.33
Germany,1952,69145952,Europe,68,7144.114393,69.15
Ethiopia,2002,67946797,Africa,51,530.0535319,67.95
Turkey,2002,67308928,Europe,71,6508.085718,67.31
Philippines,1992,67185766,Asia,66,2279.324017,67.19
Iran,2002,66907826,Asia,69,9240.761975,66.91
Egypt,1997,66134291,Africa,67,4173.181797,66.13
Brazil,1957,65551171,Americas,53,2487.365989,65.55
Thailand,2007,65068149,Asia,71,7458.396327,65.07
Congo Dem. Rep.,2007,64606759,Africa,46,277.5518587,64.61
Mexico,1977,63759976,Americas,65,7674.929108,63.76
Iran,1997,63327987,Asia,68,8263.590301,63.33
Turkey,1997,63047647,Europe,69,6601.429915,63.05
Vietnam,1987,62826491,Asia,63,820.7994449,62.83
Bangladesh,1967,62821884,Asia,43,721.1860862,62.82
Thailand,2002,62806748,Asia,69,5913.187529,62.81
Nigeria,1977,62209173,Africa,45,1981.951806,62.21
France,2007,61083916,Europe,81,30470.0167,61.08
United Kingdom,2007,60776238,Europe,79,33203.26128,60.78
Pakistan,1967,60641899,Asia,50,942.4082588,60.64
Iran,1992,60397973,Asia,66,7235.653188,60.40
Thailand,1997,60216677,Asia,68,5852.625497,60.22
Philippines,1987,60017788,Asia,64,2189.634995,60.02
France,2002,59925035,Europe,80,28926.03234,59.93
United Kingdom,2002,59912431,Europe,78,29478.99919,59.91
Ethiopia,1997,59861301,Africa,49,515.8894013,59.86
Egypt,1992,59402198,Africa,64,3794.755195,59.40
United Kingdom,1997,58808266,Europe,77,26074.53136,58.81
France,1997,58623428,Europe,79,25889.78487,58.62
Turkey,1992,58179144,Europe,66,5678.348271,58.18
Italy,2007,58147733,Europe,81,28569.7197,58.15
Italy,2002,57926999,Europe,80,27968.09817,57.93
United Kingdom,1992,57866349,Europe,76,22705.09254,57.87
Italy,1997,57479469,Europe,79,24675.02446,57.48
France,1992,57374179,Europe,77,24703.79615,57.37
United Kingdom,1987,56981620,Europe,75,21664.78767,56.98
Italy,1992,56840847,Europe,77,22013.64486,56.84
Bangladesh,1962,56839289,Asia,41,686.3415538,56.84
Italy,1987,56729703,Europe,76,19207.23482,56.73
Thailand,1992,56667095,Asia,67,4616.896545,56.67
Brazil,1952,56602560,Americas,51,2108.944355,56.60
Italy,1982,56535636,Europe,75,16537.4835,56.54
United Kingdom,1982,56339704,Europe,74,18232.42452,56.34
United Kingdom,1977,56179000,Europe,73,17428.74846,56.18
Vietnam,1982,56142181,Asia,59,707.2357863,56.14
United Kingdom,1972,56079000,Europe,72,15895.11641,56.08
Italy,1977,56059245,Europe,73,14255.98475,56.06
Mexico,1972,55984294,Americas,62,6809.40669,55.98
France,1987,55630100,Europe,76,22066.44214,55.63
Congo Dem. Rep.,2002,55379852,Africa,45,241.1658765,55.38
United Kingdom,1967,54959000,Europe,71,14142.85089,54.96
France,1982,54433565,Europe,75,20293.89746,54.43
Italy,1972,54365564,Europe,72,12269.27378,54.37
Nigeria,1972,53740085,Africa,43,1698.388838,53.74
Philippines,1982,53456774,Asia,62,2603.273765,53.46
United Kingdom,1962,53292000,Europe,71,12477.17707,53.29
France,1977,53165019,Europe,74,18292.63514,53.17
Pakistan,1962,53100671,Asia,48,803.3427418,53.10
Thailand,1987,52910342,Asia,66,2982.653773,52.91
Turkey,1987,52881328,Europe,63,5089.043686,52.88
Egypt,1987,52799062,Africa,60,3885.46071,52.80
Italy,1967,52667100,Europe,71,10022.40131,52.67
Ethiopia,1992,52088559,Africa,48,421.3534653,52.09
Iran,1987,51889696,Asia,63,6642.881371,51.89
France,1972,51732000,Europe,72,16107.19171,51.73
United Kingdom,1957,51430000,Europe,70,11283.17795,51.43
Bangladesh,1957,51365468,Asia,39,661.6374577,51.37
Italy,1962,50843200,Europe,69,8243.58234,50.84
Vietnam,1977,50533506,Asia,56,713.5371196,50.53
United Kingdom,1952,50430000,Europe,69,9979.508487,50.43
France,1967,49569000,Europe,72,12999.91766,49.57
Italy,1957,49182000,Europe,68,6248.656232,49.18
Korea Rep.,2007,49044790,Asia,79,23348.13973,49.04
Thailand,1982,48827160,Asia,65,2393.219781,48.83
Mexico,1967,47995559,Americas,60,5754.733883,48.00
Korea Rep.,2002,47969150,Asia,77,19233.98818,47.97
Congo Dem. Rep.,1997,47798986,Africa,43,312.188423,47.80
Myanmar,2007,47761980,Asia,62,944,47.76
Italy,1952,47666000,Europe,66,4931.404155,47.67
Turkey,1982,47328791,Europe,61,4241.356344,47.33
Nigeria,1967,47287752,Africa,41,1014.514104,47.29
France,1962,47124000,Europe,71,10560.48553,47.12
Bangladesh,1952,46886859,Asia,37,684.2441716,46.89
Philippines,1977,46850962,Asia,60,2373.204287,46.85
Pakistan,1957,46679944,Asia,46,747.0835292,46.68
Korea Rep.,1997,46173816,Asia,75,15993.52796,46.17
Egypt,1982,45681811,Africa,56,3503.729636,45.68
Myanmar,2002,45598081,Asia,60,611,45.60
Vietnam,1972,44655014,Asia,50,699.5016441,44.66
South Africa,2002,44433622,Africa,53,7710.946444,44.43
France,1957,44310863,Europe,69,8662.834898,44.31
Colombia,2007,44227550,Americas,73,7006.580419,44.23
Thailand,1977,44148285,Asia,62,1961.224635,44.15
South Africa,2007,43997828,Africa,49,9269.657808,44.00
Korea Rep.,1992,43805450,Asia,72,12104.27872,43.81
Myanmar,1997,43247867,Asia,60,415,43.25
Iran,1982,43072751,Asia,60,7608.334602,43.07
Ethiopia,1987,42999530,Africa,47,573.7413142,43.00
South Africa,1997,42835005,Africa,60,7479.188244,42.84
France,1952,42459667,Europe,67,7029.809327,42.46
Turkey,1977,42404033,Europe,60,4269.122326,42.40
Sudan,2007,42292929,Africa,59,2602.394995,42.29
Nigeria,1962,41871351,Africa,39,1150.927478,41.87
Congo Dem. Rep.,1992,41672143,Africa,46,457.7191807,41.67
Korea Rep.,1987,41622000,Asia,70,8533.088805,41.62
Pakistan,1952,41346560,Asia,43,684.5971438,41.35
Mexico,1962,41121485,Americas,58,4581.609385,41.12
Colombia,2002,41008227,Americas,72,5755.259962,41.01
Philippines,1972,40850141,Asia,58,1989.37407,40.85
Myanmar,1992,40546538,Asia,59,347,40.55
Spain,2007,40448191,Europe,81,28821.0637,40.45
Argentina,2007,40301927,Americas,75,12779.37964,40.30
Spain,2002,40152517,Europe,80,24835.47166,40.15
South Africa,1992,39964159,Africa,62,7225.069258,39.96
Spain,1997,39855442,Europe,79,20445.29896,39.86
Spain,1992,39549438,Europe,78,18603.06452,39.55
Vietnam,1967,39463910,Asia,48,637.1232887,39.46
Korea Rep.,1982,39326000,Asia,67,5622.942464,39.33
Thailand,1972,39276153,Asia,60,1524.358936,39.28
Spain,1987,38880702,Europe,77,15764.98313,38.88
Egypt,1977,38783863,Africa,53,2785.493582,38.78
Poland,1997,38654957,Europe,73,10159.58368,38.65
Poland,2002,38625976,Europe,75,12002.23908,38.63
Poland,2007,38518241,Europe,76,15389.92468,38.52
Poland,1992,38370697,Europe,71,7738.881247,38.37
Argentina,2002,38331121,Americas,74,8797.640716,38.33
Tanzania,2007,38139640,Africa,53,1107.482182,38.14
Ethiopia,1982,38111756,Africa,45,577.8607471,38.11
Myanmar,1987,38028578,Asia,58,385,38.03
Spain,1982,37983310,Europe,76,13926.16997,37.98
Poland,1987,37740710,Europe,71,9082.351172,37.74
Colombia,1997,37657830,Americas,70,6117.361746,37.66
Turkey,1972,37492953,Europe,57,3450.69638,37.49
Nigeria,1957,37173340,Africa,38,1100.592563,37.17
Sudan,2002,37090298,Africa,56,1993.398314,37.09
Spain,1977,36439000,Europe,74,13236.92117,36.44
Korea Rep.,1977,36436000,Asia,65,4657.22102,36.44
Poland,1982,36227381,Europe,71,8451.531004,36.23
Argentina,1997,36203463,Americas,73,10967.28195,36.20
South Africa,1987,35933379,Africa,61,7825.823398,35.93
Kenya,2007,35610177,Africa,54,1463.249282,35.61
Congo Dem. Rep.,1987,35481645,Africa,47,672.774812,35.48
Iran,1977,35480679,Asia,58,11888.59508,35.48
Philippines,1967,35356600,Asia,56,1814.12743,35.36
Mexico,1957,35015548,Americas,55,4131.546641,35.02
Egypt,1972,34807417,Africa,51,2024.008147,34.81
Myanmar,1982,34680442,Asia,58,424,34.68
Poland,1977,34621254,Europe,71,9508.141454,34.62
Ethiopia,1977,34617799,Africa,45,556.8083834,34.62
Tanzania,2002,34593779,Africa,50,899.0742111,34.59
Spain,1972,34513161,Europe,73,10638.75131,34.51
Colombia,1992,34202721,Americas,68,5444.648617,34.20
Thailand,1967,34024249,Asia,58,1295.46066,34.02
Argentina,1992,33958947,Americas,72,9308.41871,33.96
Vietnam,1962,33796140,Asia,45,772.0491602,33.80
Morocco,2007,33757175,Africa,71,3820.17523,33.76
Korea Rep.,1972,33505000,Asia,63,3030.87665,33.51
Turkey,1967,33411317,Europe,54,2826.356387,33.41
Canada,2007,33390141,Americas,81,36319.23501,33.39
Algeria,2007,33333216,Africa,72,6223.367465,33.33
Nigeria,1952,33119096,Africa,36,1077.281856,33.12
Poland,1972,33039545,Europe,71,8006.506993,33.04
Spain,1967,32850275,Europe,71,7993.512294,32.85
Sudan,1997,32160729,Africa,55,1632.210764,32.16
Canada,2002,31902268,Americas,80,33328.96507,31.90
Afghanistan,2007,31889923,Asia,44,974.5803384,31.89
Poland,1967,31785378,Europe,70,6557.152776,31.79
Egypt,1967,31681188,Africa,49,1814.880728,31.68
Argentina,1987,31620918,Americas,71,9139.671389,31.62
Myanmar,1977,31528087,Asia,56,371,31.53
Kenya,2002,31386842,Africa,51,1287.514732,31.39
Algeria,2002,31287142,Africa,71,5288.040382,31.29
Morocco,2002,31167783,Africa,70,3258.495584,31.17
Spain,1962,31158061,Europe,70,5693.843879,31.16
South Africa,1982,31140029,Africa,58,8568.266228,31.14
Colombia,1987,30964245,Americas,68,4903.2191,30.96
Ethiopia,1972,30770372,Africa,44,566.2439442,30.77
Tanzania,1997,30686889,Africa,48,789.1862231,30.69
Congo Dem. Rep.,1982,30646495,Africa,48,673.7478181,30.65
Iran,1972,30614000,Asia,55,9613.818607,30.61
Poland,1962,30329617,Europe,68,5338.752143,30.33
Philippines,1962,30325264,Asia,55,1649.552153,30.33
Canada,1997,30305843,Americas,79,28954.92589,30.31
Mexico,1952,30144317,Americas,51,3478.125529,30.14
Korea Rep.,1967,30131000,Asia,58,2029.228142,30.13
Spain,1957,29841614,Europe,67,4564.80241,29.84
Turkey,1962,29788695,Europe,52,2322.869908,29.79
Argentina,1982,29341374,Americas,70,8997.897412,29.34
Thailand,1962,29263397,Asia,56,1002.199172,29.26
Uganda,2007,29170398,Africa,52,1056.380121,29.17
Algeria,1997,29072015,Africa,69,4797.295051,29.07
Vietnam,1957,28998543,Asia,43,676.2854478,29.00
Nepal,2007,28901790,Asia,64,1091.359778,28.90
Peru,2007,28674757,Americas,71,7408.905561,28.67
Spain,1952,28549870,Europe,65,3834.034742,28.55
Morocco,1997,28529501,Africa,68,2982.101858,28.53
Canada,1992,28523502,Americas,78,26342.88426,28.52
Myanmar,1972,28466390,Asia,53,357,28.47
Kenya,1997,28263827,Africa,54,1360.485021,28.26
Poland,1957,28235346,Europe,66,4734.253019,28.24
Sudan,1992,28227588,Africa,54,1492.197043,28.23
Egypt,1962,28173309,Africa,47,1693.335853,28.17
Ethiopia,1967,27860297,Africa,42,516.1186438,27.86
Colombia,1982,27764644,Americas,67,4397.575659,27.76
Saudi Arabia,2007,27601038,Asia,73,21654.83194,27.60
Iraq,2007,27499638,Asia,60,4471.061906,27.50
South Africa,1977,27129932,Africa,56,8028.651439,27.13
Argentina,1977,26983828,Americas,68,10079.02674,26.98
Peru,2002,26769436,Americas,70,5909.020073,26.77
Tanzania,1992,26605473,Africa,50,825.682454,26.61
Canada,1987,26549700,Americas,77,26626.51503,26.55
Iran,1967,26538000,Asia,52,5906.731805,26.54
Congo Dem. Rep.,1977,26480870,Africa,48,795.757282,26.48
Korea Rep.,1962,26420307,Asia,55,1536.344387,26.42
Algeria,1992,26298373,Africa,68,5023.216647,26.30
Vietnam,1952,26246839,Asia,40,605.0664917,26.25
Venezuela,2007,26084662,Americas,74,11415.80569,26.08
Philippines,1957,26072194,Asia,51,1547.944844,26.07
Nepal,2002,25873917,Asia,61,1057.206311,25.87
Myanmar,1967,25870271,Asia,49,349,25.87
Morocco,1992,25798239,Africa,65,2948.047252,25.80
Poland,1952,25730551,Europe,61,4029.329699,25.73
Turkey,1957,25670939,Europe,48,2218.754257,25.67
Afghanistan,2002,25268405,Asia,42,726.7340548,25.27
Canada,1982,25201900,Americas,76,22898.79214,25.20
Ethiopia,1962,25145372,Africa,40,419.4564161,25.15
Colombia,1977,25094412,Americas,64,3815.80787,25.09
Thailand,1957,25041917,Asia,54,793.5774148,25.04
Kenya,1992,25020539,Africa,59,1341.921721,25.02
Egypt,1957,25009741,Africa,44,1458.915272,25.01
Malaysia,2007,24821286,Asia,74,12451.6558,24.82
Argentina,1972,24779799,Americas,67,9443.038526,24.78
Peru,1997,24748122,Americas,68,5838.347657,24.75
Uganda,2002,24739869,Africa,48,927.7210018,24.74
Sudan,1987,24725960,Africa,52,1507.819159,24.73
Saudi Arabia,2002,24501530,Asia,72,19014.54118,24.50
Venezuela,2002,24287670,Americas,73,8605.047831,24.29
Iraq,2002,24001816,Asia,57,4390.717312,24.00
South Africa,1972,23935810,Africa,54,7765.962636,23.94
Canada,1977,23796400,Americas,74,22090.88306,23.80
Myanmar,1962,23634436,Asia,45,388,23.63
Korea Dem. Rep.,2007,23301725,Asia,67,1593.06548,23.30
Algeria,1987,23254956,Africa,66,5681.358539,23.25
Taiwan,2007,23174294,Asia,78,28718.27684,23.17
Tanzania,1987,23040630,Africa,52,831.8220794,23.04
Congo Dem. Rep.,1972,23007669,Africa,46,904.8960685,23.01
Nepal,1997,23001113,Asia,59,1010.892138,23.00
Morocco,1987,22987397,Africa,63,2755.046991,22.99
Argentina,1967,22934225,Americas,66,8052.953021,22.93
Iran,1962,22874000,Asia,49,4187.329802,22.87
Ghana,2007,22873338,Africa,60,1327.60891,22.87
Ethiopia,1957,22815614,Africa,37,378.9041632,22.82
Romania,1992,22797027,Europe,69,6598.409903,22.80
Romania,1987,22686371,Europe,70,9696.273295,22.69
Malaysia,2002,22662365,Asia,73,10206.97794,22.66
Korea Rep.,1957,22611552,Asia,53,1487.593537,22.61
Romania,1997,22562458,Europe,70,7346.547557,22.56
Colombia,1972,22542890,Americas,62,3264.660041,22.54
Taiwan,2002,22454239,Asia,77,23235.42329,22.45
Philippines,1952,22438691,Asia,48,1272.880995,22.44
Peru,1992,22430449,Americas,66,4446.380924,22.43
Romania,2002,22404337,Europe,71,7885.360081,22.40
Venezuela,1997,22374398,Americas,72,10165.49518,22.37
Romania,1982,22356726,Europe,70,9605.314053,22.36
Canada,1972,22284500,Americas,73,18970.57086,22.28
Romania,2007,22276056,Europe,72,10808.47561,22.28
Turkey,1952,22235677,Europe,44,1969.10098,22.24
Afghanistan,1997,22227415,Asia,42,635.341351,22.23
Egypt,1952,22223309,Africa,42,1418.822445,22.22
Korea Dem. Rep.,2002,22215365,Asia,67,1646.758151,22.22
Yemen Rep.,2007,22211743,Asia,63,2280.769906,22.21
Myanmar,1957,21731844,Asia,42,350,21.73
Romania,1977,21658597,Europe,69,9356.39724,21.66
Taiwan,1997,21628605,Asia,75,20206.82098,21.63
Korea Dem. Rep.,1997,21585105,Asia,68,1690.756814,21.59
Thailand,1952,21289402,Asia,51,757.7974177,21.29
Argentina,1962,21283783,Americas,65,7133.166023,21.28
Saudi Arabia,1997,21229759,Asia,71,20586.69019,21.23
Uganda,1997,21210254,Africa,45,816.559081,21.21
Kenya,1987,21198082,Africa,59,1361.936856,21.20
South Africa,1967,20997321,Africa,52,7114.477971,21.00
Korea Rep.,1952,20947571,Asia,47,1030.592226,20.95
Ethiopia,1952,20860941,Africa,34,362.1462796,20.86
Canada,1967,20819767,Americas,72,16076.58803,20.82
Iraq,1997,20775703,Asia,59,3076.239795,20.78
Korea Dem. Rep.,1992,20711375,Asia,70,3726.063507,20.71
Taiwan,1992,20686918,Asia,74,15215.6579,20.69
Romania,1972,20662648,Europe,69,8011.414402,20.66
Ghana,2002,20550751,Africa,58,1111.984578,20.55
Malaysia,1997,20476091,Asia,72,10132.90964,20.48
Australia,2007,20434176,Oceania,81,34435.36744,20.43
Sri Lanka,2007,20378239,Asia,72,3970.095407,20.38
Sudan,1982,20367053,Africa,50,1895.544073,20.37
Nepal,1992,20326209,Asia,56,897.7403604,20.33
Venezuela,1992,20265563,Americas,71,10733.92631,20.27
Morocco,1982,20198730,Africa,60,2702.620356,20.20
Peru,1987,20195924,Americas,64,6360.943444,20.20
Myanmar,1952,20092996,Asia,36,331,20.09
Algeria,1982,20033753,Africa,61,5745.160213,20.03
Mozambique,2007,19951656,Africa,42,823.6856205,19.95
Congo Dem. Rep.,1967,19941073,Africa,44,861.5932424,19.94
Tanzania,1982,19844382,Africa,51,874.2426069,19.84
Iran,1957,19792000,Asia,47,3290.257643,19.79
Colombia,1967,19764027,Americas,60,2678.729839,19.76
Taiwan,1987,19757799,Asia,73,11054.56175,19.76
Argentina,1957,19610538,Americas,64,6856.856212,19.61
Sri Lanka,2002,19576783,Asia,71,3015.378833,19.58
Australia,2002,19546792,Oceania,80,30687.75473,19.55
Syria,2007,19314747,Asia,74,4184.548089,19.31
Romania,1967,19284814,Europe,67,6470.866545,19.28
Madagascar,2007,19167654,Africa,59,1044.770126,19.17
Korea Dem. Rep.,1987,19067554,Asia,71,4106.492315,19.07
Canada,1962,18985849,Americas,71,13462.48555,18.99
Yemen Rep.,2002,18701257,Asia,60,2234.820827,18.70
Sri Lanka,1997,18698655,Asia,70,2664.477257,18.70
Romania,1962,18680721,Europe,67,4734.997586,18.68
Australia,1997,18565243,Oceania,79,26997.93657,18.57
Taiwan,1982,18501390,Asia,72,7426.354774,18.50
Mozambique,2002,18473780,Africa,44,633.6179466,18.47
Ghana,1997,18418288,Africa,59,1005.245812,18.42
Morocco,1977,18396941,Africa,56,2370.619976,18.40
South Africa,1962,18356657,Africa,50,5768.729717,18.36
Malaysia,1992,18319502,Asia,71,7277.912802,18.32
Uganda,1992,18252190,Africa,49,644.1707969,18.25
Peru,1982,18125129,Americas,61,6434.501797,18.13
Cote d'Ivoire,2007,18013409,Africa,48,1544.750112,18.01
Nepal,1987,17917180,Asia,53,775.6324501,17.92
Venezuela,1987,17910182,Americas,70,9883.584648,17.91
Argentina,1952,17876956,Americas,62,5911.315053,17.88
Iraq,1992,17861905,Asia,59,3745.640687,17.86
Romania,1957,17829327,Europe,64,3943.370225,17.83
Cameroon,2007,17696293,Africa,50,2042.09524,17.70
Kenya,1982,17661452,Africa,59,1348.225791,17.66
Korea Dem. Rep.,1982,17647518,Asia,69,4106.525293,17.65
Sri Lanka,1992,17587060,Asia,70,2153.739222,17.59
Congo Dem. Rep.,1962,17486434,Africa,42,896.3146335,17.49
Australia,1992,17481977,Oceania,78,23424.76683,17.48
Iran,1952,17272000,Asia,45,3035.326002,17.27
Syria,2002,17155814,Asia,73,4090.925331,17.16
Algeria,1977,17152804,Africa,58,4910.416756,17.15
Tanzania,1977,17129565,Africa,50,962.4922932,17.13
Sudan,1977,17104986,Africa,48,2202.988423,17.10
Canada,1957,17010154,Americas,70,12489.95006,17.01
Colombia,1962,17009885,Americas,58,2492.351109,17.01
Saudi Arabia,1992,16945857,Asia,69,24841.61777,16.95
Taiwan,1977,16785196,Asia,71,5596.519826,16.79
Morocco,1972,16660670,Africa,53,1930.194975,16.66
Romania,1952,16630000,Europe,61,3144.613186,16.63
Mozambique,1997,16603334,Africa,46,472.3460771,16.60
Netherlands,2007,16570613,Europe,80,36797.93332,16.57
Iraq,1987,16543189,Asia,65,11643.57268,16.54
Sri Lanka,1987,16495304,Asia,69,1876.766827,16.50
Madagascar,2002,16473477,Africa,57,894.6370822,16.47
Malaysia,1987,16331785,Asia,70,5249.802653,16.33
Korea Dem. Rep.,1977,16325320,Asia,67,4106.301249,16.33
Afghanistan,1992,16317921,Asia,42,649.3413952,16.32
Chile,2007,16284741,Americas,79,13171.63885,16.28
Ghana,1992,16278738,Africa,58,925.060154,16.28
Australia,1987,16257249,Oceania,76,21888.88903,16.26
Cote d'Ivoire,2002,16252726,Africa,47,1648.800823,16.25
South Africa,1957,16151549,Africa,48,5487.104219,16.15
Netherlands,2002,16122830,Europe,79,33724.75778,16.12
Peru,1977,15990099,Americas,58,6281.290855,15.99
Cameroon,2002,15929988,Africa,50,1934.011449,15.93
Yemen Rep.,1997,15826497,Asia,58,2117.484526,15.83
Nepal,1982,15796314,Asia,50,718.3730947,15.80
Venezuela,1982,15620766,Americas,69,11152.41011,15.62
Netherlands,1997,15604464,Europe,78,30246.13063,15.60
Congo Dem. Rep.,1957,15577932,Africa,41,905.8602303,15.58
Chile,2002,15497046,Americas,78,10778.78385,15.50
Sri Lanka,1982,15410151,Asia,69,1648.079789,15.41
Uganda,1987,15283050,Africa,52,617.7244065,15.28
Taiwan,1972,15226039,Asia,69,4062.523897,15.23
Australia,1982,15184200,Oceania,75,19477.00928,15.18
Netherlands,1992,15174244,Europe,77,26790.94961,15.17
Syria,1997,15081016,Asia,72,4014.238972,15.08
Afghanistan,1977,14880372,Asia,38,786.11336,14.88
Canada,1952,14785584,Americas,69,11367.16112,14.79
Korea Dem. Rep.,1972,14781241,Asia,64,3701.621503,14.78
Morocco,1967,14770296,Africa,50,1711.04477,14.77
Algeria,1972,14760787,Africa,55,4182.663766,14.76
Tanzania,1972,14706593,Africa,48,915.9850592,14.71
Netherlands,1987,14665278,Europe,77,23651.32361,14.67
Cote d'Ivoire,1997,14625967,Africa,48,1786.265407,14.63
Saudi Arabia,1987,14619745,Asia,66,21198.26136,14.62
Chile,1997,14599929,Americas,76,10118.05318,14.60
Sudan,1972,14597019,Africa,45,1659.652775,14.60
Kenya,1977,14500404,Africa,56,1267.613204,14.50
Colombia,1957,14485993,Americas,55,2323.805581,14.49
Malaysia,1982,14441916,Asia,68,4920.355951,14.44
Burkina Faso,2007,14326203,Africa,52,1217.032994,14.33
Netherlands,1982,14310401,Europe,76,21399.46046,14.31
South Africa,1952,14264935,Africa,45,4725.295531,14.26
Cameroon,1997,14195809,Africa,52,1694.337469,14.20
Iraq,1982,14173318,Asia,62,14517.90711,14.17
Ghana,1987,14168101,Africa,56,847.0061135,14.17
Madagascar,1997,14165114,Africa,55,986.2958956,14.17
Cambodia,2007,14131858,Asia,60,1713.778686,14.13
Sri Lanka,1977,14116836,Asia,66,1348.775651,14.12
Congo Dem. Rep.,1952,14100005,Africa,39,780.5423257,14.10
Australia,1977,14074100,Oceania,73,18334.19751,14.07
Peru,1972,13954700,Americas,55,5937.827283,13.95
Nepal,1977,13933198,Asia,47,694.1124398,13.93
Afghanistan,1987,13867957,Asia,41,852.3959448,13.87
Netherlands,1977,13852989,Europe,75,21209.0592,13.85
Ecuador,2007,13755680,Americas,75,6873.262326,13.76
Taiwan,1967,13648692,Asia,68,2643.858681,13.65
Chile,1992,13572994,Americas,74,7596.125964,13.57
Venezuela,1977,13503563,Americas,67,13143.95095,13.50
Yemen Rep.,1992,13367997,Asia,56,1879.496673,13.37
Netherlands,1972,13329874,Europe,74,18794.74567,13.33
Malawi,2007,13327079,Africa,48,759.3499101,13.33
Syria,1992,13219062,Asia,69,3340.542768,13.22
Australia,1972,13177000,Oceania,72,16788.62948,13.18
Mozambique,1992,13160731,Africa,44,410.8968239,13.16
Afghanistan,1972,13079460,Asia,36,739.9811058,13.08
Morocco,1962,13056604,Africa,48,1566.353493,13.06
Sri Lanka,1972,13016733,Asia,65,1213.39553,13.02
Uganda,1982,12939400,Africa,50,682.2662268,12.94
Cambodia,2002,12926707,Asia,57,896.2260153,12.93
Ecuador,2002,12921234,Americas,74,5773.044512,12.92
Niger,2007,12894865,Africa,57,619.6768924,12.89
Mozambique,1987,12891952,Africa,43,389.8761846,12.89
Afghanistan,1982,12881816,Asia,40,978.0114388,12.88
Malaysia,1977,12845381,Asia,65,3827.921571,12.85
Cote d'Ivoire,1992,12772596,Africa,52,1648.073791,12.77
Algeria,1967,12760499,Africa,51,3246.991771,12.76
Sudan,1967,12716129,Africa,43,1687.997641,12.72
Korea Dem. Rep.,1967,12617009,Asia,60,2143.540609,12.62
Tanzania,1967,12607312,Africa,46,848.2186575,12.61
Netherlands,1967,12596822,Europe,74,15363.25136,12.60
Mozambique,1982,12587223,Africa,43,462.2114149,12.59
Guatemala,2007,12572928,Americas,70,5186.050003,12.57
Cameroon,1992,12467171,Africa,54,1793.163278,12.47
Chile,1987,12463354,Americas,72,5547.063754,12.46
Angola,2007,12420476,Africa,43,4797.231267,12.42
Nepal,1972,12412593,Asia,44,674.7881296,12.41
Colombia,1952,12350771,Americas,51,2144.115096,12.35
Zimbabwe,2007,12311143,Africa,43,469.7092981,12.31
Senegal,2007,12267493,Africa,63,1712.472136,12.27
Burkina Faso,2002,12251209,Africa,51,1037.645221,12.25
Madagascar,1992,12210395,Africa,52,1040.67619,12.21
Peru,1967,12132200,Americas,51,5788.09333,12.13
Kenya,1972,12044785,Africa,54,1222.359968,12.04
Mali,2007,12031795,Africa,54,1042.581557,12.03
Zimbabwe,2002,11926563,Africa,40,672.0386227,11.93
Taiwan,1962,11918938,Asia,65,1822.879028,11.92
Ecuador,1997,11911819,Americas,72,7429.455877,11.91
Iraq,1977,11882916,Asia,60,14688.23507,11.88
Australia,1967,11872264,Oceania,71,14526.12465,11.87
Malawi,2002,11824495,Africa,45,665.4231186,11.82
Netherlands,1962,11805689,Europe,73,12790.84956,11.81
Cambodia,1997,11782962,Asia,57,734.28517,11.78
Zambia,2007,11746035,Africa,42,1271.211593,11.75
Sri Lanka,1967,11737396,Asia,64,1135.514326,11.74
Afghanistan,1967,11537966,Asia,34,836.1971382,11.54
Venezuela,1972,11515649,Americas,66,10505.25966,11.52
Chile,1982,11487112,Americas,71,5095.665738,11.49
Uganda,1977,11457758,Africa,50,843.7331372,11.46
Malaysia,1972,11441462,Asia,63,2849.09478,11.44
Cuba,2007,11416987,Americas,78,8948.102923,11.42
Morocco,1957,11406350,Africa,45,1642.002314,11.41
Zimbabwe,1997,11404948,Africa,47,792.4499603,11.40
Ghana,1982,11400338,Africa,54,876.032569,11.40
Nepal,1967,11261690,Asia,41,676.4422254,11.26
Saudi Arabia,1982,11254672,Asia,63,33693.17525,11.25
Syria,1987,11242847,Asia,67,3116.774285,11.24
Cuba,2002,11226999,Americas,77,6340.646683,11.23
Yemen Rep.,1987,11219340,Asia,53,1971.741538,11.22
Sudan,1962,11183227,Africa,41,1959.593767,11.18
Guatemala,2002,11178650,Americas,69,4858.347495,11.18
Niger,2002,11140655,Africa,54,601.0745012,11.14
Mozambique,1977,11127868,Africa,42,502.3197334,11.13
Netherlands,1957,11026383,Europe,73,11276.19344,11.03
Algeria,1962,11000948,Africa,48,2550.81688,11.00
Cuba,1997,10983007,Americas,76,5431.990415,10.98
Korea Dem. Rep.,1962,10917494,Asia,57,1621.693598,10.92
Senegal,2002,10870037,Africa,62,1519.635262,10.87
Angola,2002,10866106,Africa,41,2773.287312,10.87
Tanzania,1962,10863958,Africa,44,722.0038073,10.86
Australia,1962,10794968,Oceania,71,12217.22686,10.79
Cameroon,1987,10780667,Africa,55,2602.664206,10.78
Cote d'Ivoire,1987,10761098,Africa,55,2156.956069,10.76
Ecuador,1992,10748394,Americas,70,7103.702595,10.75
Cuba,1992,10723260,Americas,74,5592.843963,10.72
Greece,2007,10706290,Europe,79,27538.41188,10.71
Hungary,1982,10705535,Europe,69,12545.99066,10.71
Zimbabwe,1992,10704340,Africa,60,693.4207856,10.70
Portugal,2007,10642836,Europe,78,20509.64777,10.64
Hungary,1977,10637171,Europe,70,11674.83737,10.64
Hungary,1987,10612740,Europe,70,12986.47998,10.61
Greece,2002,10603863,Europe,78,22514.2548,10.60
Chile,1977,10599793,Americas,67,4756.763836,10.60
Zambia,2002,10595811,Africa,39,1071.613938,10.60
Mali,2002,10580176,Africa,52,951.4097518,10.58
Madagascar,1987,10568642,Africa,49,1155.441948,10.57
Ghana,1977,10538093,Africa,52,993.2239571,10.54
Peru,1962,10516500,Americas,49,4957.037982,10.52
Greece,1997,10502372,Europe,78,18747.69814,10.50
Portugal,2002,10433867,Europe,77,19970.90787,10.43
Sri Lanka,1962,10421936,Asia,62,1074.47196,10.42
Malawi,1997,10419991,Africa,47,692.2758103,10.42
Hungary,1972,10394091,Europe,70,10168.65611,10.39
Belgium,2007,10392226,Europe,79,33692.60508,10.39
Netherlands,1952,10381988,Europe,72,8941.571858,10.38
Burkina Faso,1997,10352843,Africa,50,946.2949618,10.35
Hungary,1992,10348684,Europe,69,10535.62855,10.35
Serbia,1997,10336594,Europe,72,7914.320304,10.34
Nepal,1962,10332057,Asia,39,652.3968593,10.33
Greece,1992,10325429,Europe,77,17541.49634,10.33
Czech Republic,1992,10315702,Europe,72,14297.02122,10.32
Belgium,2002,10311970,Europe,78,30485.88375,10.31
Czech Republic,1987,10311597,Europe,72,16310.4434,10.31
Czech Republic,1982,10303704,Europe,71,15377.22855,10.30
Czech Republic,1997,10300707,Europe,74,16048.51424,10.30
Tunisia,2007,10276158,Africa,74,7092.923025,10.28
Algeria,1957,10270856,Africa,46,3013.976023,10.27
Afghanistan,1962,10267083,Asia,32,853.10071,10.27
Czech Republic,2002,10256295,Europe,76,17596.21022,10.26
Hungary,1997,10244684,Europe,71,11712.7768,10.24
Cuba,1987,10239839,Americas,74,7532.924763,10.24
Chad,2007,10238807,Africa,51,1704.063724,10.24
Czech Republic,2007,10228744,Europe,76,22833.30851,10.23
Hungary,1967,10223422,Europe,70,9326.64467,10.22
Belgium,1997,10199787,Europe,78,27561.19663,10.20
Kenya,1967,10191512,Africa,51,1056.736457,10.19
Uganda,1972,10190285,Africa,51,950.735869,10.19
Taiwan,1957,10164215,Asia,62,1507.86129,10.16
Czech Republic,1977,10161915,Europe,71,14800.16062,10.16
Portugal,1997,10156415,Europe,76,17641.03156,10.16
Malaysia,1967,10154878,Asia,59,2277.742396,10.15
Serbia,2007,10150265,Europe,74,9786.534714,10.15
Cambodia,1992,10150094,Asia,56,682.3031755,10.15
Serbia,2002,10111559,Europe,73,7236.075251,10.11
Hungary,2002,10083313,Europe,73,14843.93556,10.08
Hungary,1962,10063000,Europe,68,7550.359877,10.06
Iraq,1972,10061506,Asia,57,9576.037596,10.06
Belgium,1992,10045622,Europe,76,25575.57069,10.05
Malawi,1992,10014249,Africa,49,563.2000145,10.01
Greece,1987,9974490,Europe,77,16120.52839,9.97
Hungary,2007,9956108,Europe,73,18008.94444,9.96
Guinea,2007,9947814,Africa,56,942.6542111,9.95
Morocco,1952,9939217,Africa,43,1688.20357,9.94
Portugal,1992,9927680,Europe,75,16207.26663,9.93
Portugal,1987,9915289,Europe,74,13039.30876,9.92
Angola,1997,9875024,Africa,41,2277.140884,9.88
Belgium,1987,9870200,Europe,75,22525.56308,9.87
Czech Republic,1972,9862158,Europe,70,13108.4536,9.86
Portugal,1982,9859650,Europe,73,11753.84291,9.86
Belgium,1982,9856303,Europe,74,20979.84589,9.86
Hungary,1957,9839000,Europe,66,6040.180011,9.84
Czech Republic,1967,9835109,Europe,70,11399.44489,9.84
Serbia,1992,9826397,Europe,72,9325.068238,9.83
Belgium,1977,9821800,Europe,73,19117.97448,9.82
Mozambique,1972,9809596,Africa,40,724.9178037,9.81
Guatemala,1997,9803875,Americas,66,4684.313807,9.80
Cuba,1982,9789224,Americas,74,7316.918107,9.79
Greece,1982,9786480,Europe,75,15268.42089,9.79
Tunisia,2002,9770575,Africa,73,5722.895655,9.77
Sudan,1957,9753392,Africa,40,1770.337074,9.75
Chile,1972,9717524,Americas,63,5494.024437,9.72
Australia,1957,9712569,Oceania,70,10949.64959,9.71
Venezuela,1967,9709552,Americas,63,9541.474188,9.71
Belgium,1972,9709100,Europe,71,16672.14356,9.71
Nepal,1957,9682338,Asia,38,597.9363558,9.68
Niger,1997,9666252,Africa,51,580.3052092,9.67
Portugal,1977,9662600,Europe,70,10172.48572,9.66
Yemen Rep.,1982,9657618,Asia,49,1977.55701,9.66
Czech Republic,1962,9620282,Europe,70,10136.86713,9.62
Belgium,1967,9556500,Europe,71,13149.04119,9.56
Ecuador,1987,9545158,Americas,67,6481.776993,9.55
Cuba,1977,9537988,Americas,73,6380.494966,9.54
Senegal,1997,9535314,Africa,60,1392.368347,9.54
Czech Republic,1957,9513758,Europe,69,8256.343918,9.51
Hungary,1952,9504000,Europe,64,5263.673816,9.50
Tanzania,1957,9452826,Africa,43,698.5356073,9.45
Zambia,1997,9417789,Africa,40,1071.353818,9.42
Korea Dem. Rep.,1957,9411381,Asia,54,1571.134655,9.41
Syria,1982,9410494,Asia,65,3761.837715,9.41
Mali,1997,9384984,Africa,50,790.2579846,9.38
Ghana,1972,9354120,Africa,50,1178.223708,9.35
Dominican Republic,2007,9319622,Americas,72,6025.374752,9.32
Greece,1977,9308479,Europe,74,14195.52428,9.31
Algeria,1952,9279525,Africa,43,2449.008185,9.28
Cameroon,1982,9250831,Africa,53,2367.983282,9.25
Afghanistan,1957,9240934,Asia,30,820.8530296,9.24
Tunisia,1997,9231669,Africa,72,4876.798614,9.23
Serbia,1987,9230783,Europe,71,15870.87851,9.23
Belgium,1962,9218400,Europe,70,10991.20676,9.22
Zimbabwe,1987,9216418,Africa,62,706.1573059,9.22
Nepal,1952,9182536,Asia,36,545.8657229,9.18
Madagascar,1982,9171477,Africa,49,1302.878658,9.17
Peru,1957,9146100,Americas,46,4245.256698,9.15
Sri Lanka,1957,9128546,Asia,61,1072.546602,9.13
Czech Republic,1952,9125183,Europe,67,6876.14025,9.13
Bolivia,2007,9119152,Americas,66,3822.137084,9.12
Somalia,2007,9118773,Africa,48,926.1410683,9.12
Portugal,1967,9103000,Europe,67,6361.517993,9.10
Serbia,1982,9032824,Europe,70,15181.0927,9.03
Sweden,2007,9031088,Europe,81,33859.74835,9.03
Cote d'Ivoire,1982,9025951,Africa,54,2602.710169,9.03
Portugal,1962,9019800,Europe,64,4727.954889,9.02
Belgium,1957,8989111,Europe,69,9714.960623,8.99
Bulgaria,1987,8971958,Europe,71,8239.854824,8.97
Portugal,1972,8970450,Europe,69,9022.247417,8.97
Sweden,2002,8954175,Europe,80,29341.63093,8.95
Malaysia,1962,8906385,Asia,56,2036.884944,8.91
Uganda,1967,8900294,Africa,48,908.9185217,8.90
Sweden,1997,8897619,Europe,79,25266.59499,8.90
Bulgaria,1982,8892098,Europe,71,8224.191647,8.89
Greece,1972,8888628,Europe,72,12724.82957,8.89
Burkina Faso,1992,8878303,Africa,50,931.7527731,8.88
Korea Dem. Rep.,1952,8865488,Asia,50,1088.277758,8.87
Rwanda,2007,8860588,Africa,46,863.0884639,8.86
Chile,1967,8858908,Americas,61,5106.654313,8.86
Chad,2002,8835739,Africa,51,1156.18186,8.84
Cuba,1972,8831348,Americas,71,5305.445256,8.83
Portugal,1957,8817650,Europe,62,3774.571743,8.82
Guinea,2002,8807818,Africa,54,945.5835837,8.81
Bulgaria,1977,8797022,Europe,71,7612.240438,8.80
Angola,1992,8735988,Africa,41,2627.845685,8.74
Belgium,1952,8730405,Europe,68,8343.105127,8.73
Sweden,1992,8718867,Europe,78,23880.01683,8.72
Greece,1967,8716441,Europe,71,8513.097016,8.72
Australia,1952,8691212,Oceania,69,10039.59564,8.69
Serbia,1977,8686367,Europe,70,12980.66956,8.69
Mozambique,1967,8680909,Africa,38,566.6691539,8.68
Kenya,1962,8678557,Africa,48,896.9663732,8.68
Bulgaria,1992,8658506,Europe,71,6302.623438,8.66
Dominican Republic,2002,8650322,Americas,71,4563.808154,8.65
Bulgaria,1972,8576200,Europe,71,6597.494398,8.58
Taiwan,1952,8550362,Asia,59,1206.947913,8.55
Portugal,1952,8526050,Europe,60,3068.319867,8.53
Tunisia,1992,8523077,Africa,70,4332.720164,8.52
Iraq,1967,8519282,Asia,54,8931.459811,8.52
Sudan,1952,8504667,Africa,39,1615.991129,8.50
Haiti,2007,8502814,Americas,61,1201.637154,8.50
Ghana,1967,8490213,Africa,48,1125.69716,8.49
Guatemala,1992,8486949,Americas,63,4439.45084,8.49
Greece,1962,8448233,Europe,70,6017.190733,8.45
Bolivia,2002,8445134,Americas,64,3413.26269,8.45
Afghanistan,1952,8425333,Asia,29,779.4453145,8.43
Sweden,1987,8421403,Europe,77,23586.92927,8.42
Mali,1992,8416215,Africa,48,739.014375,8.42
Yemen Rep.,1977,8403990,Asia,44,1829.765177,8.40
Niger,1992,8392818,Africa,47,581.182725,8.39
Burundi,2007,8390505,Africa,50,430.0706916,8.39
Zambia,1992,8381163,Africa,46,1210.884633,8.38
Cambodia,1987,8371791,Asia,54,683.8955732,8.37
Ecuador,1982,8365850,Americas,64,7213.791267,8.37
Sweden,1982,8325260,Europe,76,20667.38125,8.33
Tanzania,1952,8322925,Africa,41,716.6500721,8.32
Serbia,1972,8313288,Europe,69,10522.06749,8.31
Bulgaria,1967,8310226,Europe,70,5577.0028,8.31
Senegal,1992,8307920,Africa,58,1367.899369,8.31
Sweden,1977,8251648,Europe,75,18855.72521,8.25
Austria,2007,8199783,Europe,80,36126.4927,8.20
Austria,2002,8148312,Europe,79,32417.60769,8.15
Venezuela,1962,8143375,Americas,61,8422.974165,8.14
Cuba,1967,8139332,Americas,68,5690.268015,8.14
Saudi Arabia,1977,8128505,Asia,59,34167.7626,8.13
Sweden,1972,8122293,Europe,75,17832.02464,8.12
Greece,1957,8096218,Europe,68,4916.299889,8.10
Benin,2007,8078314,Africa,57,1441.284873,8.08
Austria,1997,8069876,Europe,78,29095.92066,8.07
Bulgaria,1997,8066057,Europe,70,5970.38876,8.07
Guinea,1997,8048834,Africa,51,869.4497668,8.05
Peru,1952,8025700,Americas,44,3758.523437,8.03
Bulgaria,1962,8012946,Europe,70,4254.337839,8.01
Madagascar,1977,8007166,Africa,47,1544.228586,8.01
Dominican Republic,1997,7992357,Americas,70,3614.101285,7.99
Sri Lanka,1952,7982342,Asia,58,1083.53203,7.98
Serbia,1967,7971222,Europe,67,7991.707066,7.97
Chile,1962,7961258,Americas,58,4519.094331,7.96
Cameroon,1977,7959865,Africa,49,1783.432873,7.96
Syria,1977,7932503,Asia,61,3195.484582,7.93
Austria,1992,7914969,Europe,76,27042.01868,7.91
Angola,1987,7874230,Africa,40,2430.208311,7.87
Sweden,1967,7867931,Europe,74,15258.29697,7.87
Rwanda,2002,7852401,Africa,43,785.6537648,7.85
Malawi,1987,7824747,Africa,47,635.5173634,7.82
Mozambique,1962,7788944,Africa,36,556.6863539,7.79
Somalia,2002,7753310,Africa,46,882.0818218,7.75
Malaysia,1957,7739235,Asia,52,1810.066992,7.74
Greece,1952,7733250,Europe,66,3530.690067,7.73
Tunisia,1987,7724976,Africa,67,3810.419296,7.72
Bolivia,1997,7693188,Americas,62,3326.143191,7.69
Uganda,1962,7688797,Africa,45,767.2717398,7.69
Bulgaria,2002,7661799,Europe,72,7696.777725,7.66
Bulgaria,1957,7651254,Europe,67,3008.670727,7.65
Zimbabwe,1982,7636524,Africa,60,788.8550411,7.64
Mali,1987,7634008,Africa,46,684.1715576,7.63
Serbia,1962,7616060,Europe,65,6289.629157,7.62
Haiti,2002,7607651,Americas,58,1270.364932,7.61
Burkina Faso,1987,7586551,Africa,50,912.0631417,7.59
Austria,1987,7578903,Europe,75,23687.82607,7.58
Austria,1982,7574613,Europe,73,21597.08362,7.57
Austria,1977,7568430,Europe,72,19749.4223,7.57
Chad,1997,7562011,Africa,52,1004.961353,7.56
Sweden,1962,7561588,Europe,73,12329.44192,7.56
Switzerland,2007,7554661,Europe,82,37506.41907,7.55
Austria,1972,7544201,Europe,71,16661.6256,7.54
Honduras,2007,7483763,Americas,70,3548.330846,7.48
Cote d'Ivoire,1977,7459574,Africa,52,2517.736547,7.46
Kenya,1957,7454779,Africa,45,944.4383152,7.45
Cambodia,1972,7450606,Asia,40,421.6240257,7.45
Yemen Rep.,1972,7407075,Asia,40,1265.047031,7.41
Austria,1967,7376998,Europe,70,12834.6024,7.38
Sweden,1957,7363802,Europe,72,9911.878226,7.36
Switzerland,2002,7361757,Europe,81,34480.95771,7.36
Ghana,1962,7355248,Africa,46,1190.041118,7.36
Dominican Republic,1992,7351181,Americas,68,3044.214214,7.35
Niger,1987,7332638,Africa,45,668.3000228,7.33
Guatemala,1987,7326406,Americas,61,4246.485974,7.33
Bulgaria,2007,7322858,Europe,73,10680.79282,7.32
Rwanda,1992,7290203,Africa,24,737.0685949,7.29
Ecuador,1977,7278866,Americas,61,6679.62326,7.28
Bulgaria,1952,7274900,Europe,60,2444.286648,7.27
Cambodia,1982,7272485,Asia,51,624.4754784,7.27
Zambia,1987,7272406,Africa,51,1213.315116,7.27
Serbia,1957,7271135,Europe,62,4981.090891,7.27
Cuba,1962,7254373,Americas,65,5180.75591,7.25
Iraq,1962,7240260,Asia,51,8341.737815,7.24
Rwanda,1997,7212583,Africa,36,589.9445051,7.21
Switzerland,1997,7193761,Europe,79,32135.32301,7.19
Senegal,1987,7171347,Africa,56,1441.72072,7.17
Austria,1962,7129864,Europe,70,10750.72111,7.13
Sweden,1952,7124673,Europe,72,8527.844662,7.12
Madagascar,1972,7082430,Africa,45,1748.562982,7.08
Chile,1957,7048426,Americas,56,4315.622723,7.05
Mozambique,1957,7038035,Africa,34,495.5868333,7.04
Benin,2002,7026113,Africa,54,1372.877931,7.03
Burundi,2002,7021078,Africa,47,446.4035126,7.02
Cameroon,1972,7021028,Africa,47,1684.146528,7.02
Angola,1982,7016384,Africa,40,2756.953672,7.02
Mali,1982,6998256,Africa,44,618.0140641,7.00
Switzerland,1992,6995447,Europe,78,31871.5303,7.00
Guinea,1992,6990574,Africa,49,794.3484384,6.99
Hong Kong China,2007,6980412,Asia,82,39724.97867,6.98
Cambodia,1977,6978607,Asia,31,524.9721832,6.98
Austria,1957,6965860,Europe,67,8842.59803,6.97
Cambodia,1967,6960067,Asia,45,523.4323142,6.96
El Salvador,2007,6939688,Americas,72,5728.353514,6.94
Austria,1952,6927772,Europe,67,6137.076492,6.93
Somalia,1987,6921858,Africa,45,1093.244963,6.92
Haiti,1997,6913545,Americas,57,1341.726931,6.91
Bolivia,1992,6893451,Americas,60,2961.699694,6.89
Serbia,1952,6860147,Europe,58,3581.459448,6.86
Hong Kong China,2002,6762476,Asia,81,30209.01516,6.76
Malaysia,1952,6748378,Asia,48,1831.132894,6.75
Yemen Rep.,1967,6740785,Asia,37,862.4421463,6.74
Tunisia,1982,6734098,Africa,64,3560.233174,6.73
Venezuela,1957,6702668,Americas,58,9802.466526,6.70
Syria,1972,6701172,Asia,57,2571.423014,6.70
Honduras,2002,6677328,Americas,69,3099.72866,6.68
Uganda,1957,6675501,Africa,43,774.3710692,6.68
Paraguay,2007,6667147,Americas,72,4172.838464,6.67
Dominican Republic,1987,6655297,Americas,66,2899.842175,6.66
Switzerland,1987,6649942,Europe,77,30281.70459,6.65
Zimbabwe,1977,6642107,Africa,58,685.5876821,6.64
Cuba,1957,6640752,Americas,62,6092.174359,6.64
Burkina Faso,1982,6634596,Africa,48,807.1985855,6.63
Somalia,1997,6633514,Africa,44,930.5964284,6.63
Malawi,1982,6502825,Africa,46,632.8039209,6.50
Hong Kong China,1997,6495918,Asia,80,28377.63219,6.50
Mali,1977,6491649,Africa,42,686.3952693,6.49
Saudi Arabia,1972,6472756,Asia,54,24837.42865,6.47
Switzerland,1982,6468126,Europe,76,28397.71512,6.47
Kenya,1952,6464046,Africa,42,853.540919,6.46
Mozambique,1952,6446316,Africa,31,468.5260381,6.45
Niger,1982,6437188,Africa,43,909.7221354,6.44
Chad,1992,6429417,Africa,52,1058.0643,6.43
Israel,2007,6426679,Asia,81,25523.2771,6.43
Switzerland,1972,6401400,Europe,74,27195.11304,6.40
Guatemala,1982,6395630,Americas,58,4820.49479,6.40
Ghana,1957,6391288,Africa,45,1043.561537,6.39
Chile,1952,6377619,Americas,55,3939.978789,6.38
El Salvador,2002,6353681,Americas,71,5351.568666,6.35
Rwanda,1987,6349365,Africa,44,847.991217,6.35
Cameroon,1967,6335506,Africa,45,1508.453148,6.34
Madagascar,1967,6334556,Africa,43,1634.047282,6.33
Haiti,1992,6326682,Americas,55,1456.309517,6.33
Switzerland,1977,6316424,Europe,75,26982.29052,6.32
Ecuador,1972,6298651,Americas,59,5280.99471,6.30
Iraq,1957,6248643,Asia,48,6229.333562,6.25
Angola,1977,6162675,Africa,39,3008.647355,6.16
Bolivia,1987,6156369,Americas,57,2753.69149,6.16
Senegal,1982,6147783,Africa,52,1518.479984,6.15
Sierra Leone,2007,6144562,Africa,43,862.5407561,6.14
Burundi,1997,6121610,Africa,45,463.1151478,6.12
Yemen Rep.,1962,6120081,Asia,35,825.6232006,6.12
Zambia,1982,6100407,Africa,52,1408.678565,6.10
Somalia,1992,6099799,Africa,40,926.9602964,6.10
Cambodia,1962,6083619,Asia,43,496.9136476,6.08
Cote d'Ivoire,1972,6071696,Africa,50,2378.201111,6.07
Benin,1997,6066080,Africa,55,1232.975292,6.07
Switzerland,1967,6063000,Europe,73,22966.14432,6.06
Jordan,2007,6053193,Asia,73,4519.461171,6.05
Libya,2007,6036914,Africa,74,12057.49928,6.04
Israel,2002,6029529,Asia,80,21905.59514,6.03
Cuba,1952,6007797,Americas,59,5586.53878,6.01
Tunisia,1977,6005061,Africa,60,3120.876811,6.01
Dominican Republic,1982,5968349,Americas,64,2861.092386,5.97
Angola,1972,5894858,Africa,38,5473.288005,5.89
Burkina Faso,1977,5889574,Africa,46,743.3870368,5.89
Paraguay,2002,5884491,Americas,71,3783.674243,5.88
Honduras,1997,5867957,Americas,68,3160.454906,5.87
Zimbabwe,1972,5861135,Africa,56,799.3621758,5.86
Hong Kong China,1992,5829696,Asia,78,24757.60301,5.83
Somalia,1982,5828892,Africa,43,1176.807031,5.83
Mali,1972,5828158,Africa,40,581.3688761,5.83
Uganda,1952,5824797,Africa,40,734.753484,5.82
Burundi,1992,5809236,Africa,45,631.6998778,5.81
Cameroon,1962,5793633,Africa,43,1399.607441,5.79
El Salvador,1997,5783439,Americas,70,5154.825496,5.78
Haiti,1987,5756203,Americas,54,1823.015995,5.76
Guatemala,1977,5703430,Americas,56,4879.992748,5.70
Madagascar,1962,5703324,Africa,41,1643.38711,5.70
Togo,2007,5701579,Africa,58,882.9699438,5.70
Niger,1977,5682086,Africa,41,808.8970728,5.68
Syria,1967,5680812,Asia,54,1881.923632,5.68
Nicaragua,2007,5675356,Americas,73,2749.320965,5.68
Switzerland,1962,5666000,Europe,71,20431.0927,5.67
Guinea,1987,5650262,Africa,46,805.5724718,5.65
Bolivia,1982,5642224,Americas,54,3156.510452,5.64
Malawi,1977,5637246,Africa,44,663.2236766,5.64
Saudi Arabia,1967,5618198,Asia,50,16903.04886,5.62
Hong Kong China,1987,5584510,Asia,76,20038.47269,5.58
Ghana,1952,5581001,Africa,43,911.2989371,5.58
Israel,1997,5531387,Asia,78,20896.60924,5.53
Rwanda,1982,5507565,Africa,46,881.5706467,5.51
Chad,1987,5498955,Africa,51,952.386129,5.50
Yemen Rep.,1957,5498090,Asia,34,804.8304547,5.50
Denmark,2007,5468120,Europe,78,35278.41874,5.47
Slovak Republic,2007,5447502,Europe,75,18678.31435,5.45
Iraq,1952,5441766,Asia,45,4129.766056,5.44
Venezuela,1952,5439568,Americas,55,7689.799761,5.44
Burkina Faso,1972,5433886,Africa,44,854.7359763,5.43
Ecuador,1967,5432424,Americas,57,4579.074215,5.43
Slovak Republic,2002,5410052,Europe,74,13638.77837,5.41
Slovak Republic,1997,5383010,Europe,73,12126.23065,5.38
Denmark,2002,5374693,Europe,77,32166.50006,5.37
Libya,2002,5368585,Africa,73,9534.677467,5.37
Cameroon,1957,5359923,Africa,40,1313.048099,5.36
Sierra Leone,2002,5359092,Africa,41,699.489713,5.36
Cambodia,1957,5322536,Asia,41,434.0383364,5.32
Jordan,2002,5307470,Asia,71,3844.917194,5.31
Tunisia,1972,5303507,Africa,56,2753.285994,5.30
Slovak Republic,1992,5302888,Europe,71,9498.467723,5.30
Dominican Republic,1977,5302800,Americas,62,2681.9889,5.30
Denmark,1997,5283663,Europe,76,29804.34567,5.28
El Salvador,1992,5274649,Americas,67,4444.2317,5.27
Hong Kong China,1982,5264500,Asia,75,14560.53051,5.26
Senegal,1977,5260855,Africa,49,1561.769116,5.26
Angola,1967,5247469,Africa,36,5522.776375,5.25
Finland,2007,5238460,Europe,79,33207.0844,5.24
Zambia,1977,5216550,Africa,51,1588.688299,5.22
Mali,1967,5212416,Africa,38,545.0098873,5.21
Slovak Republic,1987,5199318,Europe,71,12037.26758,5.20
Haiti,1982,5198399,Americas,51,2011.159549,5.20
Finland,2002,5193039,Europe,78,28204.59057,5.19
Madagascar,1957,5181679,Africa,39,1589.20275,5.18
Denmark,1992,5171393,Europe,75,26406.73985,5.17
Paraguay,1997,5154123,Americas,69,4247.400261,5.15
Guatemala,1972,5149581,Americas,54,4031.408271,5.15
Nicaragua,2002,5146848,Americas,71,2474.548819,5.15
Finland,1997,5134406,Europe,77,23723.9502,5.13
Burkina Faso,1967,5127935,Africa,41,794.8265597,5.13
Denmark,1987,5127024,Europe,75,25116.17581,5.13
Burundi,1987,5126023,Africa,48,621.8188189,5.13
Switzerland,1957,5126000,Europe,71,17909.48973,5.13
Denmark,1982,5117810,Europe,75,21688.04048,5.12
Denmark,1977,5088419,Europe,75,20422.9015,5.09
Bolivia,1977,5079716,Americas,50,3548.097832,5.08
Honduras,1992,5077347,Americas,66,3081.694603,5.08
Niger,1972,5060262,Africa,41,954.2092363,5.06
Slovak Republic,1982,5048043,Europe,71,11348.54585,5.05
Finland,1992,5041039,Europe,76,20647.16499,5.04
Cameroon,1952,5009067,Africa,39,1172.667655,5.01
Zimbabwe,1967,4995432,Africa,54,569.7950712,5.00
Denmark,1972,4991596,Europe,73,18866.20721,4.99
Benin,1992,4981671,Africa,54,1191.207681,4.98
Togo,2002,4977378,Africa,58,886.2205765,4.98
Yemen Rep.,1952,4963829,Asia,33,781.7175761,4.96
Saudi Arabia,1962,4943029,Asia,46,11626.41975,4.94
Israel,1992,4936550,Asia,77,18051.52254,4.94
Finland,1987,4931729,Europe,75,21141.01223,4.93
Burkina Faso,1962,4919632,Africa,38,722.5120206,4.92
Haiti,1977,4908554,Americas,50,1874.298931,4.91
Eritrea,2007,4906585,Africa,58,641.3695236,4.91
Chad,1982,4875118,Africa,50,797.9081006,4.88
El Salvador,1987,4842194,Americas,63,4140.442097,4.84
Denmark,1967,4838800,Europe,73,15937.21123,4.84
Syria,1962,4834621,Asia,50,2193.037133,4.83
Slovak Republic,1977,4827803,Europe,70,10922.66404,4.83
Finland,1982,4826933,Europe,75,18533.15761,4.83
Angola,1962,4826015,Africa,34,4269.276742,4.83
Switzerland,1952,4815000,Europe,70,14734.23275,4.82
Tunisia,1967,4786986,Africa,52,1932.360167,4.79
Madagascar,1952,4762912,Africa,37,1443.011715,4.76
Libya,1997,4759670,Africa,72,9467.446056,4.76
Cote d'Ivoire,1967,4744870,Africa,47,2052.050473,4.74
Finland,1977,4738902,Europe,73,15605.42283,4.74
Malawi,1972,4730997,Africa,42,584.6219709,4.73
Burkina Faso,1957,4713416,Africa,35,617.1834648,4.71
Guinea,1982,4710497,Africa,43,857.2503577,4.71
Haiti,1972,4698301,Americas,48,1654.456946,4.70
Cambodia,1952,4693836,Asia,39,368.4692856,4.69
Guatemala,1967,4690773,Americas,50,3242.531147,4.69
Mali,1962,4690372,Africa,37,496.1743428,4.69
Ecuador,1962,4681707,Americas,55,4086.114078,4.68
Dominican Republic,1972,4671329,Americas,60,2189.874499,4.67
Rwanda,1977,4657072,Africa,45,670.0806011,4.66
Denmark,1962,4646899,Europe,72,13583.31351,4.65
Finland,1972,4639657,Europe,71,14358.8759,4.64
Norway,2007,4627926,Europe,80,49357.19017,4.63
Nicaragua,1997,4609572,Americas,68,2253.023004,4.61
Finland,1967,4605744,Europe,70,10921.63626,4.61
Slovak Republic,1972,4593433,Europe,70,9674.167626,4.59
Senegal,1972,4588696,Africa,46,1597.712056,4.59
Hong Kong China,1977,4583700,Asia,74,11186.14125,4.58
Burundi,1982,4580410,Africa,47,559.603231,4.58
Sierra Leone,1997,4578212,Africa,40,574.6481576,4.58
Bolivia,1972,4565872,Americas,47,2980.331339,4.57
Angola,1957,4561361,Africa,32,3827.940465,4.56
Singapore,2007,4553009,Asia,80,47143.17964,4.55
Bosnia and Herzegovina,2007,4552198,Europe,75,7446.298803,4.55
Norway,2002,4535591,Europe,79,44683.97525,4.54
Niger,1967,4534062,Africa,40,1054.384891,4.53
Jordan,1997,4526235,Asia,70,3645.379572,4.53
Zambia,1972,4506497,Africa,50,1773.498265,4.51
Croatia,1992,4494013,Europe,73,8447.794873,4.49
Croatia,2007,4493312,Europe,76,14619.22272,4.49
Finland,1962,4491443,Europe,69,9371.842561,4.49
Denmark,1957,4487831,Europe,72,11099.65935,4.49
Croatia,1987,4484310,Europe,72,13822.58394,4.48
Paraguay,1992,4483945,Americas,68,4196.411078,4.48
Croatia,2002,4481020,Europe,75,11628.38895,4.48
El Salvador,1982,4474873,Americas,57,4098.344175,4.47
Burkina Faso,1952,4469979,Africa,32,543.2552413,4.47
Croatia,1997,4444595,Europe,74,9875.604515,4.44
Slovak Republic,1967,4442238,Europe,71,8412.902397,4.44
Saudi Arabia,1957,4419650,Asia,43,8157.591248,4.42
Eritrea,2002,4414865,Africa,55,765.3500015,4.41
Croatia,1982,4413368,Europe,70,13221.82184,4.41
Norway,1997,4405672,Europe,78,41283.16433,4.41
Chad,1977,4388260,Africa,47,1133.98495,4.39
Honduras,1987,4372203,Americas,64,3023.096699,4.37
Central African Republic,2007,4369038,Africa,45,706.016537,4.37
Libya,1992,4364501,Africa,69,9640.138501,4.36
Somalia,1977,4353666,Africa,42,1450.992513,4.35
Bosnia and Herzegovina,1987,4338977,Europe,71,4314.114757,4.34
Denmark,1952,4334000,Europe,71,9692.385245,4.33
Finland,1957,4324000,Europe,67,7545.415386,4.32
Togo,1997,4320890,Africa,58,982.2869243,4.32
Croatia,1977,4318673,Europe,71,11305.38517,4.32
Haiti,1967,4318137,Americas,46,1452.057666,4.32
Tunisia,1962,4286552,Africa,50,1660.30321,4.29
Norway,1992,4286357,Europe,77,33965.66115,4.29
El Salvador,1977,4282586,Americas,57,5138.922374,4.28
Zimbabwe,1962,4277736,Africa,52,527.2721818,4.28
Sierra Leone,1992,4260884,Africa,38,1068.696278,4.26
Bosnia and Herzegovina,1992,4256013,Europe,72,2546.781445,4.26
Benin,1987,4243788,Africa,52,1225.85601,4.24
Mali,1957,4241884,Africa,35,490.3821867,4.24
Slovak Republic,1962,4237384,Europe,70,7481.107598,4.24
Angola,1952,4232095,Africa,30,3520.610273,4.23
Guinea,1977,4227026,Africa,41,874.6858643,4.23
Croatia,1972,4225310,Europe,70,9164.090127,4.23
Guatemala,1962,4208858,Americas,47,2750.364446,4.21
Israel,1987,4203148,Asia,76,17122.47986,4.20
Singapore,2002,4197776,Asia,79,36023.1054,4.20
Norway,1987,4186147,Europe,76,31540.9748,4.19
Croatia,1967,4174366,Europe,69,6960.297861,4.17
Bosnia and Herzegovina,1982,4172693,Europe,71,4126.613157,4.17
Bosnia and Herzegovina,2002,4165416,Europe,74,6018.975239,4.17
Syria,1957,4149908,Asia,48,2117.234893,4.15
Malawi,1967,4147252,Africa,39,495.5147806,4.15
Costa Rica,2007,4133884,Americas,79,9645.06142,4.13
New Zealand,2007,4115771,Oceania,80,25185.00911,4.12
Hong Kong China,1972,4115700,Asia,72,8315.928145,4.12
Norway,1982,4114787,Europe,76,26298.63531,4.11
Ireland,2007,4109086,Europe,79,40675.99635,4.11
Finland,1952,4090500,Europe,67,6424.519071,4.09
Bosnia and Herzegovina,1977,4086000,Europe,70,3528.481305,4.09
Croatia,1962,4076557,Europe,67,5477.890018,4.08
Niger,1962,4076008,Africa,39,997.7661127,4.08
Ecuador,1957,4058385,Americas,51,3780.546651,4.06
Eritrea,1997,4058319,Africa,53,913.47079,4.06
Dominican Republic,1967,4049146,Americas,57,1653.723003,4.05
Central African Republic,2002,4048013,Africa,43,738.6906068,4.05
Norway,1977,4043205,Europe,75,23311.34939,4.04
Bolivia,1967,4040665,Americas,45,2586.886053,4.04
West Bank and Gaza,2007,4018332,Asia,73,3025.349798,4.02
Nicaragua,1992,4017939,Americas,66,2170.151724,4.02
Saudi Arabia,1952,4005677,Asia,40,6459.554823,4.01
Rwanda,1972,3992121,Africa,45,590.5806638,3.99
Croatia,1957,3991242,Europe,65,4338.231617,3.99
Senegal,1967,3965841,Africa,44,1612.404632,3.97
Tunisia,1957,3950849,Africa,47,1395.232468,3.95
Puerto Rico,2007,3942491,Americas,79,19328.70901,3.94
Norway,1972,3933004,Europe,74,18965.05551,3.93
Lebanon,2007,3921278,Asia,72,10461.05868,3.92
New Zealand,2002,3908037,Oceania,79,23189.80135,3.91
Zambia,1967,3900000,Africa,48,1777.077318,3.90
Chad,1972,3899068,Africa,46,1104.103987,3.90
Paraguay,1987,3886512,Americas,67,3998.875695,3.89
Croatia,1952,3882229,Europe,61,3119.23652,3.88
Haiti,1962,3880130,Americas,44,1796.589032,3.88
Ireland,2002,3879155,Europe,78,34077.04939,3.88
Sierra Leone,1987,3868905,Africa,40,1294.447788,3.87
Jordan,1992,3867409,Asia,68,3431.593647,3.87
Puerto Rico,2002,3859606,Americas,78,18855.60618,3.86
Israel,1982,3858421,Asia,74,15367.0292,3.86
Slovak Republic,1957,3844277,Europe,67,6093.26298,3.84
Somalia,1972,3840161,Africa,41,1254.576127,3.84
Mali,1952,3838168,Africa,34,452.3369807,3.84
Costa Rica,2002,3834934,Americas,78,7723.447195,3.83
Burundi,1977,3834415,Africa,46,556.1032651,3.83
Cote d'Ivoire,1962,3832408,Africa,45,1728.869428,3.83
Bosnia and Herzegovina,1972,3819000,Europe,67,2860.16975,3.82
Guinea,1972,3811387,Africa,39,741.6662307,3.81
Singapore,1997,3802309,Asia,77,33519.4766,3.80
Congo Rep.,2007,3800610,Africa,55,3632.557798,3.80
Libya,1987,3799845,Africa,66,11770.5898,3.80
El Salvador,1972,3790903,Americas,58,4520.246008,3.79
Norway,1967,3786019,Europe,74,16361.87647,3.79
Puerto Rico,1997,3759430,Americas,75,16999.4333,3.76
Togo,1992,3747553,Africa,58,1034.298904,3.75
Hong Kong China,1967,3722800,Asia,70,6197.962814,3.72
Central African Republic,1997,3696513,Africa,46,740.5063317,3.70
Niger,1957,3692184,Africa,39,835.5234025,3.69
Lebanon,2002,3677780,Asia,71,9313.93883,3.68
New Zealand,1997,3676187,Oceania,78,21050.41377,3.68
Honduras,1982,3669448,Americas,61,3121.760794,3.67
Eritrea,1992,3668440,Africa,50,582.8585102,3.67
Ireland,1997,3667233,Europe,76,24521.94713,3.67
Syria,1952,3661549,Asia,46,1643.485354,3.66
Tunisia,1952,3647735,Africa,45,1468.475631,3.65
Zimbabwe,1957,3646340,Africa,50,518.7642681,3.65
Benin,1982,3641603,Africa,51,1277.897616,3.64
Guatemala,1957,3640876,Americas,44,2617.155967,3.64
Norway,1962,3638919,Europe,73,13450.40151,3.64
Malawi,1962,3628608,Africa,38,427.9010856,3.63
Bosnia and Herzegovina,1997,3607000,Europe,73,4766.355904,3.61
Albania,2007,3600523,Europe,76,5937.029526,3.60
Bolivia,1962,3593918,Americas,43,2180.972546,3.59
Puerto Rico,1992,3585176,Americas,74,14641.58711,3.59
Bosnia and Herzegovina,1967,3585000,Europe,65,2172.352423,3.59
Slovak Republic,1952,3558137,Europe,64,5074.659104,3.56
Ireland,1992,3557761,Europe,75,17558.81555,3.56
Ecuador,1952,3548753,Americas,48,3522.110717,3.55
Ireland,1987,3539900,Europe,74,13872.86652,3.54
Burundi,1972,3529983,Africa,44,464.0995039,3.53
Costa Rica,1997,3518107,Americas,77,6677.045314,3.52
Albania,2002,3508512,Europe,76,4604.211737,3.51
Haiti,1957,3507701,Americas,41,1726.887882,3.51
Chad,1967,3495967,Africa,44,1196.810565,3.50
Israel,1977,3495918,Asia,73,13306.61921,3.50
Norway,1957,3491938,Europe,73,11653.97304,3.49
Ireland,1982,3480000,Europe,73,12618.32141,3.48
Sierra Leone,1982,3464522,Africa,38,1465.010784,3.46
Dominican Republic,1962,3453434,Americas,53,1662.137359,3.45
Guinea,1967,3451418,Africa,37,708.7595409,3.45
Rwanda,1967,3451079,Africa,44,510.9637142,3.45
Uruguay,2007,3447496,Americas,76,10611.46299,3.45
Puerto Rico,1987,3444468,Americas,75,12281.34191,3.44
New Zealand,1992,3437674,Oceania,76,18363.32494,3.44
Lebanon,1997,3430388,Asia,70,8754.96385,3.43
Senegal,1962,3430243,Africa,41,1654.988723,3.43
Somalia,1967,3428839,Africa,39,1284.73318,3.43
Albania,1997,3428038,Europe,73,3193.054604,3.43
Zambia,1962,3421000,Africa,46,1452.725766,3.42
West Bank and Gaza,2002,3389578,Asia,72,4515.487575,3.39
Niger,1952,3379468,Africa,37,761.879376,3.38
Paraguay,1982,3366439,Americas,67,4258.503604,3.37
Uruguay,2002,3363085,Americas,75,7727.002004,3.36
Bosnia and Herzegovina,1962,3349000,Europe,62,1709.683679,3.35
Nicaragua,1987,3344353,Americas,62,2955.984375,3.34
Libya,1982,3344074,Africa,62,17364.27538,3.34
Burundi,1967,3330989,Africa,44,412.9775136,3.33
Congo Rep.,2002,3328795,Africa,53,3484.06197,3.33
Norway,1952,3327728,Europe,73,10095.42172,3.33
Albania,1992,3326498,Europe,72,2497.437901,3.33
New Zealand,1987,3317166,Oceania,74,19007.19129,3.32
Hong Kong China,1962,3305200,Asia,68,4692.648272,3.31
Cote d'Ivoire,1957,3300000,Africa,42,1500.895925,3.30
Puerto Rico,1982,3279001,Americas,74,10330.98915,3.28
Ireland,1977,3271900,Europe,72,11150.98113,3.27
Mauritania,2007,3270065,Africa,64,1803.151496,3.27
Central African Republic,1992,3265124,Africa,49,747.9055252,3.27
Uruguay,1997,3262838,Americas,74,9230.240708,3.26
Panama,2007,3242173,Americas,76,9809.185636,3.24
Singapore,1992,3235865,Asia,76,24769.8912,3.24
El Salvador,1967,3232927,Americas,56,4358.595393,3.23
Malawi,1957,3221238,Africa,37,416.3698064,3.22
Lebanon,1992,3219994,Asia,69,6890.806854,3.22
Bolivia,1957,3211738,Americas,42,2127.686326,3.21
New Zealand,1982,3210650,Oceania,74,17632.4104,3.21
Oman,2007,3204897,Asia,76,22316.19287,3.20
Haiti,1952,3201488,Americas,38,1840.366939,3.20
Liberia,2007,3193942,Africa,46,414.5073415,3.19
Costa Rica,1992,3173216,Americas,76,6160.416317,3.17
Benin,1977,3168267,Africa,49,1029.161251,3.17
New Zealand,1977,3164900,Oceania,72,16233.7177,3.16
Togo,1987,3154264,Africa,57,1202.201361,3.15
Chad,1962,3150417,Africa,42,1389.817618,3.15
Uruguay,1992,3149262,Americas,73,8137.004775,3.15
Guatemala,1952,3146381,Americas,42,2428.237769,3.15
Sierra Leone,1977,3140897,Africa,37,1348.285159,3.14
Guinea,1962,3140003,Africa,36,686.3736739,3.14
Lebanon,1977,3115787,Asia,66,8659.696836,3.12
Israel,1972,3095893,Asia,72,12786.93223,3.10
Lebanon,1987,3089353,Asia,68,5377.091329,3.09
Lebanon,1982,3086876,Asia,67,7640.519521,3.09
Zimbabwe,1952,3080907,Africa,48,406.8841148,3.08
Puerto Rico,1977,3080828,Americas,73,9770.524921,3.08
Somalia,1962,3080153,Africa,37,1369.488336,3.08
Bosnia and Herzegovina,1957,3076000,Europe,58,1353.989176,3.08
Albania,1987,3075321,Europe,72,3738.932735,3.08
Honduras,1977,3055235,Americas,57,3203.208066,3.06
Senegal,1957,3054547,Africa,39,1567.653006,3.05
Rwanda,1962,3051242,Africa,43,597.4730727,3.05
Uruguay,1987,3045153,Americas,72,7452.398969,3.05
Ireland,1972,3024400,Europe,71,9530.772896,3.02
Zambia,1957,3016000,Africa,44,1311.956766,3.02
Panama,2002,2990875,Americas,75,7356.031934,2.99
Paraguay,1977,2984494,Americas,66,3248.373311,2.98
Nicaragua,1982,2979423,Americas,59,3470.338156,2.98
Cote d'Ivoire,1952,2977019,Africa,40,1388.594732,2.98
Honduras,1972,2965146,Americas,54,2529.842345,2.97
Burundi,1962,2961915,Africa,42,355.2032273,2.96
Uruguay,1982,2953997,Americas,71,6920.223051,2.95
Ireland,1952,2952156,Europe,67,5210.280328,2.95
New Zealand,1972,2929100,Oceania,72,16046.03728,2.93
Dominican Republic,1957,2923186,Americas,50,1544.402995,2.92
Malawi,1952,2917802,Africa,36,369.1650802,2.92
Eritrea,1987,2915959,Africa,46,521.1341333,2.92
Ireland,1967,2900100,Europe,71,7655.568963,2.90
Chad,1957,2894855,Africa,40,1308.495577,2.89
Bolivia,1952,2883315,Americas,40,2677.326347,2.88
Sierra Leone,1972,2879013,Africa,35,1353.759762,2.88
Ireland,1957,2878220,Europe,69,5599.077872,2.88
Guinea,1957,2876726,Africa,35,576.2670245,2.88
Mongolia,2007,2874127,Asia,67,3095.772271,2.87
Uruguay,1977,2873520,Americas,69,6504.339663,2.87
Puerto Rico,1972,2847132,Americas,72,9123.041742,2.85
Central African Republic,1987,2840009,Africa,50,844.8763504,2.84
Ireland,1962,2830000,Europe,70,6631.597314,2.83
Uruguay,1972,2829526,Americas,69,5703.408898,2.83
Mauritania,2002,2828858,Africa,62,1579.019543,2.83
West Bank and Gaza,1997,2826046,Asia,71,7110.667619,2.83
Rwanda,1957,2822082,Africa,42,540.2893983,2.82
Jordan,1987,2820042,Asia,66,4448.679912,2.82
Liberia,2002,2814651,Africa,44,531.4823679,2.81
Congo Rep.,1997,2800947,Africa,53,3484.164376,2.80
Costa Rica,1987,2799811,Americas,75,5629.915318,2.80
Singapore,1987,2794552,Asia,74,18861.53081,2.79
Bosnia and Herzegovina,1952,2791000,Europe,54,973.5331948,2.79
Somalia,1957,2780415,Africa,35,1258.147413,2.78
Jamaica,2007,2780132,Americas,73,7320.880262,2.78
Albania,1982,2780097,Europe,70,3630.880722,2.78
Benin,1972,2761407,Africa,47,1085.796879,2.76
Senegal,1952,2755589,Africa,37,1450.356983,2.76
Uruguay,1967,2748579,Americas,68,5444.61962,2.75
El Salvador,1962,2747687,Americas,52,3776.803627,2.75
Hong Kong China,1957,2736300,Asia,65,3629.076457,2.74
Panama,1997,2734531,Americas,74,7113.692252,2.73
New Zealand,1967,2728150,Oceania,72,14463.91893,2.73
Libya,1977,2721783,Africa,57,21951.21176,2.72
Oman,2002,2713462,Asia,74,19774.83687,2.71
Israel,1967,2693585,Asia,71,8393.741404,2.69
Chad,1952,2682462,Africa,38,1178.665927,2.68
Lebanon,1972,2680018,Asia,65,7486.384341,2.68
Mongolia,2002,2674234,Asia,65,2140.739323,2.67
Zambia,1952,2672000,Africa,42,1147.388831,2.67
Burundi,1957,2667518,Africa,41,379.5646281,2.67
Jamaica,2002,2664659,Americas,72,6994.774861,2.66
Guinea,1952,2664249,Africa,34,510.1964923,2.66
Sierra Leone,1967,2662190,Africa,34,1206.043465,2.66
Singapore,1982,2651869,Asia,72,15169.16112,2.65
Puerto Rico,1967,2648961,Americas,71,6929.277714,2.65
Togo,1982,2644765,Africa,55,1344.577953,2.64
Eritrea,1982,2637297,Africa,44,524.8758493,2.64
Paraguay,1972,2614104,Americas,66,2523.337977,2.61
Uruguay,1962,2598466,Americas,68,5603.357717,2.60
Nicaragua,1977,2554598,Americas,57,5486.371089,2.55
Rwanda,1952,2534927,Africa,40,493.3238752,2.53
Jamaica,1997,2531311,Americas,72,7121.924704,2.53
Somalia,1952,2526994,Africa,33,1135.749842,2.53
Eritrea,1977,2512642,Africa,45,505.7538077,2.51
Albania,1977,2509048,Europe,69,3533.00391,2.51
Kuwait,2007,2505559,Asia,78,47306.98978,2.51
Honduras,1967,2500689,Americas,51,2538.269358,2.50
Mongolia,1997,2494803,Asia,64,1902.2521,2.49
Dominican Republic,1952,2491346,Americas,46,1397.717137,2.49
New Zealand,1962,2488550,Oceania,71,13175.678,2.49
Panama,1992,2484997,Americas,72,6618.74305,2.48
Central African Republic,1982,2476971,Africa,48,956.7529907,2.48
Sierra Leone,1962,2467895,Africa,33,1116.639877,2.47
Puerto Rico,1962,2448046,Americas,70,5108.34463,2.45
Burundi,1952,2445618,Africa,39,339.2964587,2.45
Mauritania,1997,2444741,Africa,60,1483.136136,2.44
Benin,1967,2427334,Africa,45,1035.831411,2.43
Uruguay,1957,2424959,Americas,67,6150.772969,2.42
Costa Rica,1982,2424367,Americas,73,5262.734751,2.42
Congo Rep.,1992,2409073,Africa,56,4016.239529,2.41
Jamaica,1992,2378618,Americas,72,7404.923685,2.38
El Salvador,1957,2355805,Americas,49,3421.523218,2.36
Jordan,1982,2347031,Asia,64,4161.415959,2.35
Jamaica,1987,2326606,Americas,72,6351.237495,2.33
Singapore,1977,2325300,Asia,71,11210.08948,2.33
Mongolia,1992,2312802,Asia,61,1785.402016,2.31
Israel,1962,2310904,Asia,69,7105.630706,2.31
Togo,1977,2308582,Africa,53,1532.776998,2.31
Jamaica,1982,2298309,Americas,71,6068.05135,2.30
Sierra Leone,1957,2295678,Africa,32,1004.484437,2.30
Paraguay,1967,2287985,Americas,65,2299.376311,2.29
Oman,1997,2283635,Asia,72,19702.05581,2.28
Liberia,1987,2269414,Africa,46,506.1138573,2.27
Albania,1972,2263554,Europe,68,3313.422188,2.26
Eritrea,1972,2260187,Africa,44,514.3242082,2.26
Puerto Rico,1957,2260000,Americas,69,3907.156189,2.26
Panama,1987,2253639,Americas,72,7034.779161,2.25
Uruguay,1952,2252965,Americas,66,5716.766744,2.25
New Zealand,1957,2229407,Oceania,70,12247.39532,2.23
Puerto Rico,1952,2227000,Americas,64,3081.959785,2.23
Liberia,1997,2200725,Africa,42,609.1739508,2.20
Lebanon,1967,2186894,Asia,64,6006.983042,2.19
Libya,1972,2183877,Africa,53,21011.49721,2.18
Nicaragua,1972,2182908,Americas,55,4688.593267,2.18
Central African Republic,1977,2167533,Africa,47,1109.374338,2.17
Jamaica,1977,2156814,Americas,70,6650.195573,2.16
Singapore,1972,2152400,Asia,70,8597.756202,2.15
Benin,1962,2151895,Africa,43,949.4990641,2.15
Sierra Leone,1952,2143249,Africa,30,879.7877358,2.14
Hong Kong China,1952,2125900,Asia,61,3054.421209,2.13
Mauritania,1992,2119465,Africa,58,1361.369784,2.12
Kuwait,2002,2111561,Asia,77,35110.10566,2.11
Costa Rica,1977,2108457,Americas,71,5926.876967,2.11
West Bank and Gaza,1992,2104779,Asia,70,6017.654756,2.10
Honduras,1962,2090162,Americas,48,2291.156835,2.09
Congo Rep.,1987,2064095,Africa,57,4201.194937,2.06
Togo,1972,2056351,Africa,50,1649.660188,2.06
Namibia,2007,2055080,Africa,53,4811.060429,2.06
Lesotho,2002,2046772,Africa,45,1275.184575,2.05
El Salvador,1952,2042865,Americas,45,3048.3029,2.04
Panama,1982,2036305,Americas,70,7009.601598,2.04
Mongolia,1987,2015133,Asia,60,2338.008304,2.02
Lesotho,2007,2012649,Africa,43,1569.331442,2.01
Slovenia,1997,2011612,Europe,75,17161.10735,2.01
Slovenia,2002,2011497,Europe,77,20660.01936,2.01
Paraguay,1962,2009813,Americas,64,2148.027146,2.01
Slovenia,2007,2009245,Europe,78,25768.25759,2.01
Slovenia,1992,1999210,Europe,74,14214.71681,2.00
Jamaica,1972,1997616,Americas,69,7433.889293,2.00
New Zealand,1952,1994794,Oceania,69,10556.57566,1.99
Albania,1967,1984060,Europe,66,2760.196931,1.98
Lesotho,1997,1982823,Africa,56,1186.147994,1.98
Singapore,1967,1977600,Asia,68,4977.41854,1.98
Namibia,2002,1972153,Africa,51,4072.324751,1.97
Liberia,1982,1956875,Africa,45,572.1995694,1.96
Slovenia,1987,1945870,Europe,72,18678.53492,1.95
Israel,1957,1944401,Asia,68,5385.278451,1.94
Jordan,1977,1937652,Asia,61,2852.351568,1.94
Central African Republic,1972,1927260,Africa,43,1070.013275,1.93
Benin,1957,1925173,Africa,40,959.6010805,1.93
Oman,1992,1915208,Asia,71,18616.70691,1.92
Liberia,1992,1912974,Africa,41,636.6229191,1.91
Kuwait,1987,1891487,Asia,74,28118.42998,1.89
Lebanon,1962,1886848,Asia,62,5714.560611,1.89
Nicaragua,1967,1865490,Americas,52,4643.393534,1.87
Slovenia,1982,1861252,Europe,71,17866.72175,1.86
Jamaica,1967,1861096,Americas,68,6124.703451,1.86
Mauritania,1987,1841240,Africa,56,1421.603576,1.84
Panama,1977,1839782,Americas,69,5351.912144,1.84
Costa Rica,1972,1834796,Americas,68,5118.146939,1.83
Eritrea,1967,1820319,Africa,42,468.7949699,1.82
Lesotho,1992,1803195,Africa,60,977.4862725,1.80
Namibia,1997,1774766,Africa,59,3899.52426,1.77
Congo Rep.,1982,1774735,Africa,57,4879.507522,1.77
Paraguay,1957,1770902,Americas,63,2046.154706,1.77
Honduras,1957,1770390,Americas,45,2220.487682,1.77
Kuwait,1997,1765345,Asia,76,40300.61996,1.77
Libya,1967,1759224,Africa,50,18772.75169,1.76
Mongolia,1982,1756032,Asia,57,2000.603139,1.76
Singapore,1962,1750200,Asia,66,3674.735572,1.75
Slovenia,1977,1746919,Europe,71,15277.03017,1.75
Benin,1952,1738315,Africa,38,1062.7522,1.74
Togo,1967,1735550,Africa,47,1477.59676,1.74
Central African Republic,1967,1733638,Africa,41,1136.056615,1.73
Albania,1962,1728137,Europe,65,2312.888958,1.73
Liberia,1977,1703617,Africa,44,640.3224383,1.70
Slovenia,1972,1694510,Europe,70,12383.4862,1.69
West Bank and Gaza,1987,1691210,Asia,67,5107.197384,1.69
Gambia,2007,1688359,Africa,59,752.7497265,1.69
Eritrea,1962,1666618,Africa,40,380.9958433,1.67
Jamaica,1962,1665128,Americas,66,5246.107524,1.67
Lebanon,1957,1647412,Asia,59,6089.786934,1.65
Slovenia,1967,1646912,Europe,69,9405.489397,1.65
Botswana,2007,1639131,Africa,51,12569.85177,1.64
Botswana,2002,1630347,Africa,47,11003.60508,1.63
Mauritania,1982,1622136,Africa,54,1481.150189,1.62
Israel,1952,1620914,Asia,65,4086.522128,1.62
Panama,1972,1616384,Americas,66,5364.249663,1.62
Jordan,1972,1613551,Asia,57,2110.856309,1.61
Lesotho,1987,1599200,Africa,57,773.9932141,1.60
Oman,1987,1593882,Asia,68,18115.22313,1.59
Nicaragua,1962,1590597,Americas,49,3634.364406,1.59
Costa Rica,1967,1588717,Americas,65,4161.727834,1.59
Slovenia,1962,1582962,Europe,69,7402.303395,1.58
Paraguay,1952,1555876,Americas,63,1952.308701,1.56
Namibia,1992,1554253,Africa,62,3804.537999,1.55
Eritrea,1957,1542611,Africa,38,344.1618859,1.54
Congo Rep.,1977,1536769,Africa,56,3259.178978,1.54
Botswana,1997,1536536,Africa,53,8647.142313,1.54
Jamaica,1957,1535090,Americas,63,4756.525781,1.54
Slovenia,1957,1533070,Europe,68,5862.276629,1.53
Togo,1962,1528098,Africa,44,1067.53481,1.53
Mongolia,1977,1528000,Asia,55,1647.511665,1.53
Central African Republic,1962,1523478,Africa,39,1193.068753,1.52
Honduras,1952,1517453,Americas,42,2194.926204,1.52
Kuwait,1982,1497494,Asia,71,31354.03573,1.50
Slovenia,1952,1489518,Europe,66,4215.041741,1.49
Liberia,1972,1482628,Africa,43,803.0054535,1.48
Albania,1957,1476505,Europe,59,1942.284244,1.48
Guinea-Bissau,2007,1472041,Africa,46,579.231743,1.47
Gambia,2002,1457766,Africa,58,660.5855997,1.46
Mauritania,1977,1456688,Africa,51,1497.492223,1.46
Gabon,2007,1454867,Africa,57,13206.48452,1.45
Singapore,1957,1445929,Asia,63,2843.104409,1.45
Libya,1962,1441863,Africa,48,6757.030816,1.44
Lebanon,1952,1439529,Asia,56,4834.804067,1.44
Eritrea,1952,1438760,Africa,36,328.9405571,1.44
Jamaica,1952,1426095,Americas,59,2898.530881,1.43
West Bank and Gaza,1982,1425876,Asia,64,4336.032082,1.43
Kuwait,1992,1418095,Asia,75,34932.91959,1.42
Lesotho,1982,1411807,Africa,55,797.2631074,1.41
Panama,1967,1405486,Americas,64,4421.009084,1.41
Central African Republic,1957,1392284,Africa,37,1190.844328,1.39
Nicaragua,1957,1358828,Americas,45,3457.415947,1.36
Togo,1957,1357445,Africa,41,925.9083202,1.36
Costa Rica,1962,1345187,Americas,63,3460.937025,1.35
Botswana,1992,1342614,Africa,63,7954.111645,1.34
Congo Rep.,1972,1340458,Africa,55,3213.152683,1.34
Mauritania,1972,1332786,Africa,48,1586.851781,1.33
Guinea-Bissau,2002,1332459,Africa,46,575.7047176,1.33
Mongolia,1972,1320500,Asia,54,1421.741975,1.32
Oman,1982,1301048,Asia,63,12954.79101,1.30
Gabon,2002,1299304,Africa,57,12521.71392,1.30
Central African Republic,1952,1291695,Africa,35,1071.310713,1.29
Albania,1952,1282697,Europe,55,1601.056136,1.28
Liberia,1967,1279406,Africa,42,713.6036483,1.28
Namibia,1987,1278184,Africa,61,3693.731337,1.28
West Bank and Gaza,1977,1261091,Asia,61,3682.831494,1.26
Jordan,1967,1255058,Asia,52,2741.796252,1.26
Lesotho,1977,1251524,Africa,52,745.3695408,1.25
Mauritius,2007,1250882,Africa,73,10956.99112,1.25
Gambia,1997,1235767,Africa,56,653.7301704,1.24
Mauritania,1967,1230542,Africa,46,1421.145193,1.23
Togo,1952,1219113,Africa,39,859.8086567,1.22
Panama,1962,1215725,Americas,62,3536.540301,1.22
Libya,1957,1201578,Africa,45,3448.284395,1.20
Mauritius,2002,1200206,Africa,72,9021.815894,1.20
Guinea-Bissau,1997,1193708,Africa,45,796.6644681,1.19
Trinidad and Tobago,1987,1191336,Americas,70,7388.597823,1.19
Trinidad and Tobago,1992,1183669,Americas,70,7370.990932,1.18
Congo Rep.,1967,1179760,Africa,52,2677.939642,1.18
Nicaragua,1952,1165790,Americas,42,3112.363948,1.17
Botswana,1987,1151184,Africa,64,6205.88385,1.15
Mauritius,1997,1149818,Africa,71,7425.705295,1.15
Mongolia,1967,1149500,Asia,51,1226.04113,1.15
Mauritania,1962,1146757,Africa,44,1055.896036,1.15
West Bank and Gaza,1967,1142636,Asia,52,2649.715007,1.14
Kuwait,1977,1140357,Asia,69,59265.47714,1.14
Trinidad and Tobago,1997,1138101,Americas,69,8792.573126,1.14
West Bank and Gaza,1962,1133134,Asia,48,2198.956312,1.13
Swaziland,2007,1133066,Africa,40,4513.480643,1.13
Swaziland,2002,1130269,Africa,44,4128.116943,1.13
Singapore,1952,1127000,Asia,60,2315.138227,1.13
Gabon,1997,1126189,Africa,60,14722.84188,1.13
Lesotho,1972,1116779,Africa,50,496.5815922,1.12
Trinidad and Tobago,1982,1116479,Americas,69,9119.528607,1.12
Liberia,1962,1112796,Africa,41,634.1951625,1.11
Costa Rica,1957,1112300,Americas,60,2990.010802,1.11
Trinidad and Tobago,2002,1101832,Americas,69,11460.60023,1.10
Namibia,1982,1099010,Africa,59,4191.100511,1.10
Mauritius,1992,1096202,Africa,70,6058.253846,1.10
West Bank and Gaza,1972,1089572,Asia,57,3133.409277,1.09
Mauritania,1957,1076852,Africa,42,846.1202613,1.08
West Bank and Gaza,1957,1070439,Asia,46,1827.067742,1.07
Panama,1957,1063506,Americas,59,2961.800905,1.06
Trinidad and Tobago,2007,1056608,Americas,70,18008.50924,1.06
Swaziland,1997,1054486,Africa,54,3876.76846,1.05
Guinea-Bissau,1992,1050938,Africa,43,745.5398706,1.05
Congo Rep.,1962,1047924,Africa,48,2464.783157,1.05
Mauritius,1987,1042663,Africa,69,4783.586903,1.04
Trinidad and Tobago,1977,1039009,Americas,68,7899.554209,1.04
West Bank and Gaza,1952,1030585,Asia,43,1515.592329,1.03
Gambia,1992,1025384,Africa,53,665.6244126,1.03
Mauritania,1952,1022556,Africa,41,743.1159097,1.02
Libya,1952,1019729,Africa,43,2387.54806,1.02
Mongolia,1962,1010280,Asia,48,1056.353958,1.01
Oman,1977,1004533,Asia,57,11848.34392,1.00
Lesotho,1967,996380,Africa,48,498.6390265,1.00
Mauritius,1982,992040,Africa,67,3688.037739,0.99
Gabon,1992,985739,Africa,61,13522.15752,0.99
Namibia,1977,977026,Africa,56,3876.485958,0.98
Liberia,1957,975950,Africa,39,620.9699901,0.98
Trinidad and Tobago,1972,975199,Americas,66,6619.551419,0.98
Botswana,1982,970347,Africa,61,4551.14215,0.97
Swaziland,1992,962344,Africa,58,3553.0224,0.96
Trinidad and Tobago,1967,960155,Americas,65,5621.368472,0.96
Congo Rep.,1957,940458,Africa,45,2315.056572,0.94
Panama,1952,940080,Americas,55,2480.380334,0.94
Jordan,1962,933559,Asia,48,2348.009158,0.93
Guinea-Bissau,1987,927524,Africa,41,736.4153921,0.93
Costa Rica,1952,926317,Americas,57,2627.009471,0.93
Mauritius,1977,913025,Africa,65,3710.982963,0.91
Lesotho,1962,893143,Africa,48,411.8006266,0.89
Trinidad and Tobago,1962,887498,Americas,65,4997.523971,0.89
Mongolia,1957,882134,Asia,45,912.6626085,0.88
Gabon,1987,880397,Africa,60,11864.40844,0.88
Liberia,1952,863308,Africa,38,575.5729961,0.86
Congo Rep.,1952,854885,Africa,42,2125.621418,0.85
Mauritius,1972,851334,Africa,63,2575.484158,0.85
Gambia,1987,848406,Africa,49,611.6588611,0.85
Kuwait,1972,841934,Asia,68,109347.867,0.84
Oman,1972,829050,Asia,52,10618.03855,0.83
Guinea-Bissau,1982,825987,Africa,39,838.1239671,0.83
Namibia,1972,821782,Africa,54,3746.080948,0.82
Lesotho,1957,813338,Africa,45,335.9971151,0.81
Mongolia,1952,800663,Asia,42,786.5668575,0.80
Reunion,2007,798094,Africa,76,7670.122558,0.80
Mauritius,1967,789309,Africa,62,2475.387562,0.79
Botswana,1977,781472,Africa,59,3214.857818,0.78
Swaziland,1987,779348,Africa,58,3984.839812,0.78
Trinidad and Tobago,1957,764900,Americas,62,4100.3934,0.76
Gabon,1982,753874,Africa,57,15113.36194,0.75
Lesotho,1952,748747,Africa,42,298.8462121,0.75
Jordan,1957,746559,Asia,46,1886.080591,0.75
Guinea-Bissau,1977,745228,Africa,37,764.7259628,0.75
Reunion,2002,743981,Africa,76,6316.1652,0.74
Montenegro,2002,720230,Europe,74,6557.194282,0.72
Gambia,1982,715523,Africa,46,835.8096108,0.72
Oman,1967,714775,Asia,47,4720.942687,0.71
Comoros,2007,710960,Africa,65,986.1478792,0.71
Bahrain,2007,708573,Asia,76,29796.04834,0.71
Namibia,1967,706640,Africa,51,3793.694753,0.71
Gabon,1977,706367,Africa,53,21745.57328,0.71
Mauritius,1962,701016,Africa,60,2529.067487,0.70
Montenegro,1997,692651,Europe,75,6465.613349,0.69
Reunion,1997,684810,Africa,75,6071.941411,0.68
Montenegro,2007,684736,Europe,75,9253.896111,0.68
Trinidad and Tobago,1952,662850,Americas,59,3023.271928,0.66
Bahrain,2002,656397,Asia,75,23403.55927,0.66
Swaziland,1982,649901,Africa,56,3895.384018,0.65
Oman,1962,628164,Asia,43,2924.638113,0.63
Guinea-Bissau,1962,627820,Africa,34,522.0343725,0.63
Guinea-Bissau,1972,625361,Africa,36,820.2245876,0.63
Reunion,1992,622191,Africa,74,6101.255823,0.62
Montenegro,1992,621621,Europe,75,7003.339037,0.62
Namibia,1962,621392,Africa,48,3173.215595,0.62
Botswana,1972,619351,Africa,56,2263.611114,0.62
Comoros,2002,614382,Africa,63,1075.811558,0.61
Mauritius,1957,609816,Africa,58,2034.037981,0.61
Gambia,1977,608274,Africa,42,884.7552507,0.61
Jordan,1952,607914,Asia,43,1546.907807,0.61
Guinea-Bissau,1967,601287,Africa,35,715.5806402,0.60
Guinea-Bissau,1957,601095,Africa,33,431.7904566,0.60
Bahrain,1997,598561,Asia,74,20292.01679,0.60
Guinea-Bissau,1952,580653,Africa,33,299.850319,0.58
Kuwait,1967,575003,Asia,65,80894.88326,0.58
Montenegro,1987,569473,Europe,75,11732.51017,0.57
Montenegro,1982,562548,Europe,74,11222.58762,0.56
Reunion,1987,562035,Africa,72,5303.377488,0.56
Oman,1957,561977,Asia,40,2242.746551,0.56
Montenegro,1977,560073,Europe,73,9595.929905,0.56
Botswana,1967,553541,Africa,53,1214.709294,0.55
Swaziland,1977,551425,Africa,53,3781.410618,0.55
Equatorial Guinea,2007,551201,Africa,52,12154.08975,0.55
Namibia,1957,548080,Africa,45,2621.448058,0.55
Gabon,1972,537977,Africa,49,11401.94841,0.54
Bahrain,1992,529491,Asia,73,19035.57917,0.53
Comoros,1997,527982,Africa,61,1173.618235,0.53
Montenegro,1972,527678,Europe,71,7778.414017,0.53
Reunion,1982,517810,Africa,70,5267.219353,0.52
Gambia,1972,517101,Africa,38,756.0868363,0.52
Mauritius,1952,516556,Africa,51,1967.955707,0.52
Botswana,1962,512764,Africa,52,983.6539764,0.51
Oman,1952,507833,Asia,38,1828.230307,0.51
Montenegro,1967,501035,Europe,67,5907.850937,0.50
Djibouti,2007,496374,Africa,55,2082.481567,0.50
Equatorial Guinea,2002,495627,Africa,49,7703.4959,0.50
Reunion,1977,492095,Africa,67,4319.804067,0.49
Gabon,1967,489004,Africa,45,8358.761987,0.49
Namibia,1952,485831,Africa,42,2423.780443,0.49
Swaziland,1972,480105,Africa,50,3364.836625,0.48
Botswana,1957,474639,Africa,50,918.2325349,0.47
Montenegro,1962,474528,Europe,64,4649.593785,0.47
Reunion,1972,461633,Africa,64,5047.658563,0.46
Gabon,1962,455661,Africa,40,6631.459222,0.46
Bahrain,1987,454612,Asia,71,18524.02406,0.45
Comoros,1992,454429,Africa,58,1246.90737,0.45
Djibouti,2002,447416,Africa,53,1908.260867,0.45
Montenegro,1957,442829,Europe,61,3682.259903,0.44
Botswana,1952,442308,Africa,48,851.2411407,0.44
Equatorial Guinea,1997,439971,Africa,48,2814.480755,0.44
Gambia,1967,439593,Africa,36,734.7829124,0.44
Gabon,1957,434904,Africa,39,4976.198099,0.43
Gabon,1952,420702,Africa,37,4293.476475,0.42
Swaziland,1967,420690,Africa,47,2613.101665,0.42
Djibouti,1997,417908,Africa,53,1895.016984,0.42
Reunion,1967,414024,Africa,61,4021.175739,0.41
Montenegro,1952,413834,Europe,59,2647.585601,0.41
Comoros,1987,395114,Africa,55,1315.980812,0.40
Equatorial Guinea,1992,387838,Africa,48,1132.055034,0.39
Djibouti,1992,384156,Africa,52,2377.156192,0.38
Bahrain,1982,377967,Asia,69,19211.14731,0.38
Gambia,1962,374020,Africa,34,599.650276,0.37
Swaziland,1962,370006,Africa,45,1856.182125,0.37
Reunion,1962,358900,Africa,58,3173.72334,0.36
Kuwait,1962,358266,Asia,60,95458.11176,0.36
Comoros,1982,348643,Africa,53,1267.100083,0.35
Equatorial Guinea,1987,341244,Africa,46,966.8968149,0.34
Swaziland,1957,326741,Africa,43,1244.708364,0.33
Gambia,1957,323150,Africa,32,520.9267111,0.32
Djibouti,1987,311025,Africa,50,2880.102568,0.31
Reunion,1957,308700,Africa,55,2769.451844,0.31
Djibouti,1982,305991,Africa,49,2879.468067,0.31
Comoros,1977,304739,Africa,51,1172.603047,0.30
Iceland,2007,301931,Europe,82,36180.78919,0.30
Bahrain,1977,297410,Asia,66,19340.10196,0.30
Swaziland,1952,290243,Africa,41,1148.376626,0.29
Iceland,2002,288030,Europe,81,31163.20196,0.29
Equatorial Guinea,1982,285483,Africa,44,927.8253427,0.29
Gambia,1952,284320,Africa,30,485.2306591,0.28
Equatorial Guinea,1972,277603,Africa,41,672.4122571,0.28
Iceland,1997,271192,Europe,79,28061.09966,0.27
Equatorial Guinea,1967,259864,Africa,39,915.5960025,0.26
Iceland,1992,259012,Europe,79,25144.39201,0.26
Reunion,1952,257700,Africa,53,2718.885295,0.26
Comoros,1972,250027,Africa,49,1937.577675,0.25
Equatorial Guinea,1962,249220,Africa,37,582.8419714,0.25
Iceland,1987,244676,Europe,77,26923.20628,0.24
Iceland,1982,233997,Europe,77,23269.6075,0.23
Equatorial Guinea,1957,232922,Africa,36,426.0964081,0.23
Bahrain,1972,230800,Asia,63,18268.65839,0.23
Djibouti,1977,228694,Africa,47,3081.761022,0.23
Iceland,1977,221823,Europe,76,19654.96247,0.22
Comoros,1967,217378,Africa,46,1876.029643,0.22
Equatorial Guinea,1952,216964,Africa,34,375.6431231,0.22
Kuwait,1957,212846,Asia,58,113523.1329,0.21
Iceland,1972,209275,Europe,74,15798.06362,0.21
Bahrain,1967,202182,Asia,60,14804.6727,0.20
Sao Tome and Principe,2007,199579,Africa,66,1598.435089,0.20
Iceland,1967,198676,Europe,74,13319.89568,0.20
Equatorial Guinea,1977,192675,Africa,42,958.5668124,0.19
Comoros,1962,191689,Africa,44,1406.648278,0.19
Iceland,1962,182053,Europe,74,10350.15906,0.18
Djibouti,1972,178848,Africa,44,3694.212352,0.18
Bahrain,1962,171863,Asia,57,12753.27514,0.17
Comoros,1957,170928,Africa,42,1211.148548,0.17
Sao Tome and Principe,2002,170372,Africa,64,1353.09239,0.17
Iceland,1957,165110,Europe,73,9244.001412,0.17
Kuwait,1952,160000,Asia,56,108382.3529,0.16
Comoros,1952,153936,Africa,41,1102.990936,0.15
Iceland,1952,147962,Europe,72,7267.688428,0.15
Sao Tome and Principe,1997,145608,Africa,63,1339.076036,0.15
Bahrain,1957,138655,Asia,54,11635.79945,0.14
Djibouti,1967,127617,Africa,42,3020.050513,0.13
Sao Tome and Principe,1992,125911,Africa,63,1428.777814,0.13
Bahrain,1952,120447,Asia,51,9867.084765,0.12
Sao Tome and Principe,1987,110812,Africa,62,1516.525457,0.11
Sao Tome and Principe,1982,98593,Africa,60,1890.218117,0.10
Djibouti,1962,89898,Africa,40,3020.989263,0.09
Sao Tome and Principe,1977,86796,Africa,59,1737.561657,0.09
Sao Tome and Principe,1972,76595,Africa,56,1532.985254,0.08
Djibouti,1957,71851,Africa,37,2864.969076,0.07
Sao Tome and Principe,1967,70787,Africa,54,1384.840593,0.07
Sao Tome and Principe,1962,65345,Africa,52,1071.551119,0.07
Djibouti,1952,63149,Africa,35,2669.529475,0.06
Sao Tome and Principe,1957,61325,Africa,49,860.7369026,0.06
Sao Tome and Principe,1952,60011,Africa,46,879.5835855,0.06